,month,Precipitation,Mean Temp,Max Temp
1951,JAN,38.96,8.28,13.26
1951,FEB,36,9.53,14.65
1951,MAR,34.8,14.62,20.33
1951,APR,14.71,16.27,22.13
1951,MAY,12.36,16.68,22.41
1951,JUN,3.85,23.64,30.21
1951,JUL,3.64,25.99,32.64
1951,AUG,2.69,26.09,32.75
1951,SEP,24.89,23.18,29.12
1951,OCT,34.96,15.69,20.82
1951,NOV,64.81,13.25,17.85
1951,DEC,40.22,9.68,14.02
1952,JAN,36.77,6.63,12.08
1952,FEB,9.78,9.71,16.3
1952,MAR,22.69,15.05,21.81
1952,APR,31.97,14.02,19.81
1952,MAY,27.14,18.16,24.16
1952,JUN,3.91,24.67,31.42
1952,JUL,3.06,26.3,32.91
1952,AUG,8.08,26.12,32.81
1952,SEP,20.13,21.66,27.88
1952,OCT,14.65,19.41,25.86
1952,NOV,17.38,14.55,20.67
1952,DEC,30.37,10.06,16.13
1953,JAN,52.2,7.82,13
1953,FEB,24.9,8.34,14.07
1953,MAR,54.54,10.1,15.66
1953,APR,19.25,16.53,23.1
1953,MAY,5.93,20.79,27.43
1953,JUN,11.13,21.19,27.44
1953,JUL,2.73,26.41,33.27
1953,AUG,6.02,27.02,33.69
1953,SEP,31.3,21.44,27.43
1953,OCT,45.19,16.68,22.31
1953,NOV,22.82,13.56,19.53
1953,DEC,51.51,8.89,14.02
1954,JAN,39.24,7.11,12.6
1954,FEB,34.62,7.98,13.51
1954,MAR,70.09,11.64,17.19
1954,APR,56.4,12.33,17.79
1954,MAY,10.86,19.34,25.9
1954,JUN,5.77,22.24,28.94
1954,JUL,1.58,26.41,33.48
1954,AUG,1.85,26.13,33.15
1954,SEP,3.33,23.8,30.83
1954,OCT,7.47,19.59,26.29
1954,NOV,56.63,13.78,18.85
1954,DEC,34.48,8.49,14.06
1955,JAN,46.07,10.88,16.48
1955,FEB,60.64,11.63,17.29
1955,MAR,52.65,12.06,17.92
1955,APR,26.97,16.84,23.38
1955,MAY,11.42,21.64,28.14
1955,JUN,10.55,23.61,30.01
1955,JUL,4.33,26.48,33.32
1955,AUG,8.53,26.17,32.99
1955,SEP,5.39,23.5,30.02
1955,OCT,71.55,17.67,23
1955,NOV,36.82,14.66,19.66
1955,DEC,36.37,10.24,15.53
1956,JAN,48.79,8.48,13.56
1956,FEB,100.04,7.58,12.43
1956,MAR,65.85,10.93,16.47
1956,APR,57.49,13.88,19.54
1956,MAY,21.51,18.89,25.16
1956,JUN,4.15,22.78,29.43
1956,JUL,1.17,26.13,33.14
1956,AUG,4.73,25.62,32.25
1956,SEP,9.36,22.66,29.17
1956,OCT,19.47,19.04,24.99
1956,NOV,22.54,11.06,16.49
1956,DEC,17.03,7.91,13.98
1957,JAN,23.49,7.04,12.48
1957,FEB,4.23,12.03,18.59
1957,MAR,26.37,14.73,20.72
1957,APR,63.27,13.66,18.88
1957,MAY,19.19,17.46,23.15
1957,JUN,4.09,21.58,28.03
1957,JUL,3.85,27.04,33.59
1957,AUG,5.89,26.38,32.52
1957,SEP,14.66,23.74,29.59
1957,OCT,56.08,16.58,21.21
1957,NOV,35.1,12.14,16.51
1957,DEC,93.42,7.25,11.2
1958,JAN,31.72,9.1,13.27
1958,FEB,13.78,12.77,17.36
1958,MAR,9.05,14.03,19.77
1958,APR,18.8,15.13,20.6
1958,MAY,10.94,20.31,26.24
1958,JUN,11.72,21.99,27.87
1958,JUL,3.06,25.84,32.51
1958,AUG,5.72,26.31,32.49
1958,SEP,5.45,24.07,30.14
1958,OCT,16.73,18.64,24.07
1958,NOV,29.3,11.86,16.19
1958,DEC,76.67,10.1,14.23
1959,JAN,16.51,10.3,15.36
1959,FEB,24.42,9.08,13.78
1959,MAR,45.88,13.68,18.81
1959,APR,12.4,16.28,22.42
1959,MAY,45.9,17.49,22.96
1959,JUN,4.24,22.71,29.1
1959,JUL,5.9,26.61,32.74
1959,AUG,11.92,26.28,32.79
1959,SEP,17.21,21.41,27.01
1959,OCT,23.11,17.79,22.96
1959,NOV,30.63,12.55,17.35
1959,DEC,34.23,10.26,15.2
1960,JAN,69.56,9.2,14.03
1960,FEB,29.47,12.75,18.81
1960,MAR,61.86,13.81,19.22
1960,APR,19.22,15.42,21.42
1960,MAY,19.24,19.08,25.09
1960,JUN,32.78,22.18,27.96
1960,JUL,8.63,26.1,32.57
1960,AUG,4.95,26.6,33.17
1960,SEP,4.16,22.79,29.17
1960,OCT,37.07,17.56,23.06
1960,NOV,23.35,14.59,20.24
1960,DEC,61.5,7.69,12.18
1961,JAN,21.54,8.09,13.13
1961,FEB,4.33,12.32,18.81
1961,MAR,22.63,14.19,19.98
1961,APR,17.09,17.48,23.62
1961,MAY,17.25,20.92,27.09
1961,JUN,18.03,21.42,27.23
1961,JUL,2.42,28.08,34.63
1961,AUG,4.95,27.34,33.88
1961,SEP,16.62,23.46,29.2
1961,OCT,13.34,18.33,23.82
1961,NOV,57.78,13.24,17.51
1961,DEC,31.43,11.77,17.39
1962,JAN,14.42,10.22,15.45
1962,FEB,15.27,9.51,15.16
1962,MAR,90.02,12.57,17.4
1962,APR,31.25,16.09,21.83
1962,MAY,26.09,19.88,25.81
1962,JUN,16.64,22.37,28.62
1962,JUL,2.99,26.81,33.49
1962,AUG,3.92,27.79,34.4
1962,SEP,23.27,23.55,29.3
1962,OCT,30.17,19.01,23.89
1962,NOV,75.43,11.32,15.84
1962,DEC,41.91,9.86,14.89
1963,JAN,84.06,9.82,14.42
1963,FEB,77.49,10.04,15.18
1963,MAR,11.6,13.64,20.62
1963,APR,43.93,15.68,21.75
1963,MAY,63.2,16.7,22.29
1963,JUN,9.54,21.01,27.26
1963,JUL,5.83,26.55,33.42
1963,AUG,7.87,25.83,32.67
1963,SEP,13.01,20.95,27.22
1963,OCT,4.48,18.45,24.89
1963,NOV,22.77,14.12,20.4
1963,DEC,114.79,9.31,13.79
1964,JAN,20.62,7.58,13.12
1964,FEB,23.03,11.07,17.51
1964,MAR,36.16,14.06,20.51
1964,APR,49.24,13.58,19.62
1964,MAY,10.04,22.11,28.88
1964,JUN,8.35,22.97,29.75
1964,JUL,4.96,26.92,33.96
1964,AUG,3.81,26.06,33.21
1964,SEP,7.65,24.47,30.99
1964,OCT,4.55,18.75,24.61
1964,NOV,33.96,13.27,18.5
1964,DEC,62.19,7.73,11.82
1965,JAN,45.97,7.98,12.32
1965,FEB,55.41,10.05,14.5
1965,MAR,22.92,14.65,20.02
1965,APR,49.85,14.56,19.69
1965,MAY,10.1,20.91,26.95
1965,JUN,15.06,23.92,30.07
1965,JUL,6,25.73,32.07
1965,AUG,14.16,25.87,32.07
1965,SEP,25.83,20.71,26.17
1965,OCT,82.41,17.4,21.59
1965,NOV,54.23,12.91,17.62
1965,DEC,25.51,10.48,15.87
1966,JAN,9.37,11.59,17.86
1966,FEB,26.55,13.63,19.8
1966,MAR,29.09,12.87,18.74
1966,APR,8,17.15,23.49
1966,MAY,29.83,20.29,26.57
1966,JUN,9.08,23.18,29.72
1966,JUL,2.68,25.46,32.34
1966,AUG,3.94,27.18,33.99
1966,SEP,25.42,23.45,29.46
1966,OCT,40.43,17.05,22.1
1966,NOV,59.23,10.79,15.73
1966,DEC,6,9.62,16
1967,JAN,13.3,9.87,16.24
1967,FEB,46.62,10.22,15.48
1967,MAR,17.63,14.62,20.71
1967,APR,45.38,13.98,19.29
1967,MAY,22.46,18.74,24.7
1967,JUN,26.22,22.06,28.23
1967,JUL,5.08,27.65,34.55
1967,AUG,6.96,27.26,33.99
1967,SEP,15.35,22.43,28.42
1967,OCT,54.56,18.13,23.31
1967,NOV,116.24,12.54,16.94
1967,DEC,35.25,7.87,12.8
1968,JAN,6.08,8.46,14.46
1968,FEB,63.52,10.33,15.31
1968,MAR,82.42,11.79,16.62
1968,APR,33.62,15.29,20.71
1968,MAY,29.12,18.71,24.94
1968,JUN,11.77,22.78,29.22
1968,JUL,9.17,26.94,33.64
1968,AUG,8.23,25.25,31.83
1968,SEP,10.66,23.35,29.9
1968,OCT,8.33,20.66,26.97
1968,NOV,70.18,14.9,19.84
1968,DEC,47.32,10.01,15.16
1969,JAN,45.93,11.63,17.01
1969,FEB,91.5,12.48,17.07
1969,MAR,33.42,14.58,20.02
1969,APR,48.99,13.86,18.99
1969,MAY,24.43,18.79,24.74
1969,JUN,23.73,21.7,27.64
1969,JUL,14.5,26.82,33.55
1969,AUG,6.54,25.85,32.53
1969,SEP,15.29,20.96,26.79
1969,OCT,36.73,17.49,22.47
1969,NOV,78.77,14.37,18.89
1969,DEC,37.04,8.85,14.12
1970,JAN,92.93,11.41,16.15
1970,FEB,7.42,12.05,17.91
1970,MAR,42.76,12.61,17.74
1970,APR,17.86,16.13,22.3
1970,MAY,16.95,19.48,25.93
1970,JUN,11.69,21.79,27.96
1970,JUL,2.66,27.7,34.76
1970,AUG,5.1,26.55,33.29
1970,SEP,11.13,24.23,30.59
1970,OCT,40.03,17.51,22.83
1970,NOV,28.02,14.21,19.38
1970,DEC,74.4,9.09,13.98
1971,JAN,48.31,10.31,15.63
1971,FEB,12.51,11.19,16.98
1971,MAR,59.91,11.75,16.95
1971,APR,86.55,13.38,18.39
1971,MAY,44.17,15.45,20.58
1971,JUN,14.68,21.65,28.18
1971,JUL,8.83,25.53,32.37
1971,AUG,12.26,25.84,32.34
1971,SEP,26.02,22.32,28.24
1971,OCT,26.22,19.97,25.8
1971,NOV,66.46,11.39,16
1971,DEC,33.3,8.58,13.33
1972,JAN,43.33,8.69,13.9
1972,FEB,58.85,9.93,14.96
1972,MAR,56.62,11.25,16.37
1972,APR,33.06,14.58,20.18
1972,MAY,33.65,16.81,22.57
1972,JUN,16.83,20.47,26.67
1972,JUL,7.84,24.82,31.64
1972,AUG,12.85,24.51,31.16
1972,SEP,39.63,20.44,25.91
1972,OCT,57.92,17.92,22.85
1972,NOV,48.18,13.4,18.5
1972,DEC,38.81,7.82,12.89
1973,JAN,27.47,8.63,14.16
1973,FEB,38.6,9.66,14.79
1973,MAR,41.63,12.8,18.01
1973,APR,39.89,15.86,21.74
1973,MAY,13.2,20.27,26.54
1973,JUN,17.85,21.86,27.95
1973,JUL,3.95,25.91,32.52
1973,AUG,12.05,26.62,33.12
1973,SEP,6.1,23.59,30.12
1973,OCT,14.72,18.12,23.95
1973,NOV,44.83,14.38,18.99
1973,DEC,67.73,8.3,12.85
1974,JAN,6.88,9.8,15.77
1974,FEB,36.99,10.47,15.82
1974,MAR,61.39,11.26,16.17
1974,APR,75.97,12.59,17.44
1974,MAY,14.14,19.96,26.12
1974,JUN,21.25,22.32,28.55
1974,JUL,8.26,26.68,33.14
1974,AUG,6.75,26.73,33.37
1974,SEP,13.84,22.49,28.6
1974,OCT,12.79,16.56,22.18
1974,NOV,14.28,13.88,19.72
1974,DEC,4.42,9.71,15.82
1975,JAN,20.74,9.87,15.27
1975,FEB,32.37,11.82,17.14
1975,MAR,39.21,12.52,17.96
1975,APR,76.11,14.15,18.99
1975,MAY,38.79,16.45,21.59
1975,JUN,14.64,21.06,27.03
1975,JUL,3.74,28.1,34.81
1975,AUG,7.01,26.48,32.93
1975,SEP,9.19,22.48,28.78
1975,OCT,5.1,19.07,25.09
1975,NOV,15.31,12.65,18.47
1975,DEC,43.23,9.44,14.02
1976,JAN,21.99,8.2,13.88
1976,FEB,32.71,9.3,14.32
1976,MAR,35.98,11.96,17.26
1976,APR,67.24,13.19,18.14
1976,MAY,68.72,17,21.93
1976,JUN,19.67,22.72,28.6
1976,JUL,12.71,24.56,30.66
1976,AUG,7.95,26.68,32.96
1976,SEP,32.84,21.56,27.01
1976,OCT,44.48,17.38,22.41
1976,NOV,3.81,12.72,18.26
1976,DEC,59.8,11.62,16.5
1977,JAN,67.97,9.9,14.59
1977,FEB,28.03,12.31,17.68
1977,MAR,12.07,15.25,21.49
1977,APR,20.6,17.29,23.42
1977,MAY,22.93,18.15,23.83
1977,JUN,7.87,21.05,27.09
1977,JUL,2.95,24.07,30.55
1977,AUG,3.1,24.23,30.74
1977,SEP,17.62,22.52,28.38
1977,OCT,43.64,17.58,22.59
1977,NOV,37.64,13.62,19.18
1977,DEC,47.19,11.99,16.62
1978,JAN,53.66,9.48,13.87
1978,FEB,44.59,13.14,18.63
1978,MAR,9.84,13.84,19.73
1978,APR,35.49,14.91,20.19
1978,MAY,26.97,17.2,22.77
1978,JUN,11.3,20.81,26.61
1978,JUL,2.1,27.57,34.5
1978,AUG,10.95,25.92,32.34
1978,SEP,9.61,24.49,30.76
1978,OCT,14.97,18.14,23.47
1978,NOV,10.08,13.45,18.7
1978,DEC,40.45,11.99,17.17
1979,JAN,78.07,11.29,15.27
1979,FEB,60.79,11.69,16.52
1979,MAR,19.62,12.32,17.56
1979,APR,10.61,15.59,21.64
1979,MAY,13.19,19.55,25.49
1979,JUN,14.3,22.1,27.85
1979,JUL,5.59,26.32,32.59
1979,AUG,4,26.29,32.54
1979,SEP,28.27,21.99,27.42
1979,OCT,87.92,17.04,21.24
1979,NOV,11.62,13.67,19.02
1979,DEC,8.62,10.23,16.31
1980,JAN,29.97,9.36,14.9
1980,FEB,32.75,12.17,17.83
1980,MAR,63.25,13.36,18.65
1980,APR,32.97,16.56,22.23
1980,MAY,22.05,18.45,24.16
1980,JUN,9.13,23.53,29.84
1980,JUL,1.95,27.15,34.05
1980,AUG,6.52,27.62,34.37
1980,SEP,23.14,24.02,29.67
1980,OCT,18.64,18.86,24.59
1980,NOV,45.33,13.48,18.34
1980,DEC,16.41,8.84,14.31
1981,JAN,11.15,9.15,15.35
1981,FEB,36.83,10.2,15.52
1981,MAR,23.36,15.95,21.97
1981,APR,35.08,14.86,20
1981,MAY,12.98,18.92,25.05
1981,JUN,15.77,23.6,29.91
1981,JUL,5.01,26.37,33.14
1981,AUG,7.37,25.16,31.38
1981,SEP,9.79,23.46,29.69
1981,OCT,14.85,20.27,26.03
1981,NOV,5.4,16.03,21.63
1981,DEC,28.56,12.09,17.57
1982,JAN,34.39,10.17,15.69
1982,FEB,28.45,11.46,16.74
1982,MAR,29.77,14.38,19.94
1982,APR,70.36,14.77,19.71
1982,MAY,42.92,19.03,24.5
1982,JUN,8.75,23.85,30
1982,JUL,7.81,26.06,32.31
1982,AUG,9.16,25.94,32.3
1982,SEP,10.88,22.86,28.55
1982,OCT,17.29,17.66,23.25
1982,NOV,31.54,13.26,18.6
1982,DEC,15.6,8.6,14.24
1983,JAN,3.08,9.56,15.96
1983,FEB,41.75,11.24,16.41
1983,MAR,25.28,16.59,22.28
1983,APR,17.56,16.66,22.45
1983,MAY,18,18.47,24.18
1983,JUN,5.73,24.44,30.71
1983,JUL,3.29,25.52,31.84
1983,AUG,7.81,25.38,31.62
1983,SEP,5.75,24.59,30.83
1983,OCT,14.57,20.88,26.48
1983,NOV,50.04,15.91,20.9
1983,DEC,29.79,11.44,17.2
1984,JAN,13.19,9.06,14.76
1984,FEB,9.27,11.12,17.11
1984,MAR,34.51,12.44,18.02
1984,APR,31.98,18.06,23.77
1984,MAY,48.55,15.69,20.87
1984,JUN,6.46,23.22,29.41
1984,JUL,4.02,28.47,35.13
1984,AUG,4.32,26.1,32.54
1984,SEP,14.43,23.65,29.49
1984,OCT,3.52,18.5,24.63
1984,NOV,64.05,13.71,18.6
1984,DEC,10.86,10.56,15.67
1985,JAN,69.97,8.56,13.31
1985,FEB,28.48,13.27,18.91
1985,MAR,14.82,13.03,18.82
1985,APR,33.53,16.36,22.28
1985,MAY,44.35,17.42,22.86
1985,JUN,7.13,23.46,29.76
1985,JUL,6.14,27.35,33.84
1985,AUG,5.78,27.69,34.42
1985,SEP,13.61,24.29,30.15
1985,OCT,17.12,19.58,25.28
1985,NOV,42.27,14.82,19.85
1985,DEC,38.97,10.3,15.52
1986,JAN,33.13,9.7,15.02
1986,FEB,50.74,11.19,16.25
1986,MAR,33.61,12.83,18.1
1986,APR,27.41,13.91,19.51
1986,MAY,16.33,21.65,27.86
1986,JUN,25.69,21.87,27.7
1986,JUL,5.34,26.99,33.46
1986,AUG,6.66,26.89,33.18
1986,SEP,21.07,24.07,29.85
1986,OCT,36.19,17.9,22.82
1986,NOV,23.37,13.28,18.68
1986,DEC,7.92,9.97,15.77
1987,JAN,50.6,10.73,16.03
1987,FEB,45.28,11.88,17.11
1987,MAR,16.37,15.3,21.35
1987,APR,12.97,19.2,25.59
1987,MAY,14.88,19.99,25.9
1987,JUN,11.1,23.64,29.99
1987,JUL,12.55,25.4,31.6
1987,AUG,9.77,26.42,32.61
1987,SEP,23.59,25.47,31.31
1987,OCT,39.1,18.65,23.6
1987,NOV,41.73,14.05,18.79
1987,DEC,41.63,11.91,16.61
1988,JAN,48.44,10.16,15.13
1988,FEB,59.65,11.58,16.23
1988,MAR,27.45,14.36,20.34
1988,APR,14.37,16.7,22.62
1988,MAY,27.32,18.57,24.22
1988,JUN,11.95,21.07,26.77
1988,JUL,2.62,27.7,34.39
1988,AUG,4.24,28.47,35.06
1988,SEP,10.71,24.42,30.57
1988,OCT,34.25,18.86,24.11
1988,NOV,73.92,14.48,18.78
1988,DEC,3.15,9.21,15.26
1989,JAN,19.9,8.22,13.69
1989,FEB,43.54,10.75,15.47
1989,MAR,32.15,14.67,20.56
1989,APR,45.18,14.69,20.11
1989,MAY,21.45,19.5,25.2
1989,JUN,19.96,22.59,28.68
1989,JUL,9.01,27.44,33.7
1989,AUG,11.64,27.12,33.17
1989,SEP,15.95,23.72,29.82
1989,OCT,38.44,20.19,25.21
1989,NOV,63.75,14.55,19.12
1989,DEC,73.33,12.45,16.82
1990,JAN,26.28,8.36,13.24
1990,FEB,0.62,13.87,20.29
1990,MAR,36.82,15.79,21.26
1990,APR,43.12,14.83,20.14
1990,MAY,35.47,19.8,25.38
1990,JUN,9.4,23.58,29.58
1990,JUL,7.26,27.46,33.71
1990,AUG,8.25,27.76,34.15
1990,SEP,18.19,24.4,30.04
1990,OCT,15.02,19.14,24.59
1990,NOV,22.29,14.42,19.67
1990,DEC,46.28,10.21,14.84
1991,JAN,6.67,9.16,15.11
1991,FEB,63.99,9.36,14.28
1991,MAR,77.07,12.41,17.09
1991,APR,28.51,15.08,20.38
1991,MAY,12.77,18.3,24.17
1991,JUN,15.68,23.41,29.39
1991,JUL,7.8,26.96,33.34
1991,AUG,9.07,27.49,33.83
1991,SEP,20.88,23.82,29.56
1991,OCT,31.22,16.69,21.85
1991,NOV,11.95,13.56,19.35
1991,DEC,34.23,10.54,15.45
1992,JAN,3.3,8.64,14.38
1992,FEB,29.11,11.34,16.48
1992,MAR,31.82,12.82,17.88
1992,APR,30.45,16.46,22.06
1992,MAY,28.67,19.99,25.68
1992,JUN,27.34,19.76,25.21
1992,JUL,5.27,25.85,32.02
1992,AUG,8.93,26.74,33.02
1992,SEP,7.95,23.78,29.73
1992,OCT,21.06,17.22,22.3
1992,NOV,10.5,13.68,19.83
1992,DEC,19.66,10.51,15.62
1993,JAN,16.92,8.17,13.92
1993,FEB,28.97,10.11,15.2
1993,MAR,33.33,13.74,18.94
1993,APR,22.38,15.91,21.62
1993,MAY,27.95,18.13,23.66
1993,JUN,5.8,23.19,29.37
1993,JUL,5.27,27.48,33.86
1993,AUG,5.85,26.39,32.53
1993,SEP,10.19,21.59,27.25
1993,OCT,33,17.19,22.52
1993,NOV,83.5,11.87,15.82
1993,DEC,11.81,10.54,16.29
1994,JAN,39.51,9.25,14.53
1994,FEB,41.66,11.08,16.65
1994,MAR,27.84,14.02,19.26
1994,APR,15,15.89,21.86
1994,MAY,14.63,20.26,26.37
1994,JUN,4.15,24.91,31.46
1994,JUL,5.13,28.84,35.19
1994,AUG,6.64,27.57,33.77
1994,SEP,19.4,22.8,29.01
1994,OCT,54.28,18.51,23.41
1994,NOV,13.47,14.95,20.7
1994,DEC,3.53,11.51,17.74
1995,JAN,4.71,10.13,16.59
1995,FEB,25.7,12.86,18.99
1995,MAR,42.58,13.89,19.08
1995,APR,52.44,15.48,20.64
1995,MAY,9.09,22.23,28.37
1995,JUN,17.18,22.59,28.46
1995,JUL,4.08,26.81,33.23
1995,AUG,10.05,26.84,33.05
1995,SEP,15.03,22.04,27.96
1995,OCT,17.21,20.02,25.43
1995,NOV,20.3,16.14,21.61
1995,DEC,54.09,12.1,16.71
1996,JAN,111.3,11.41,15.6
1996,FEB,53.71,10.22,14.85
1996,MAR,72.95,13.14,18.13
1996,APR,25.12,16.77,22.44
1996,MAY,32.13,19.43,25.13
1996,JUN,36.44,23.51,29.37
1996,JUL,11.19,26.6,33.01
1996,AUG,5.3,25.64,32.11
1996,SEP,17.82,22,27.92
1996,OCT,12.53,19.03,25.22
1996,NOV,20.65,14.49,20.5
1996,DEC,95.03,11.03,15.69
1997,JAN,50.66,10.83,15.54
1997,FEB,4.23,13.68,19.98
1997,MAR,21.59,15.46,21.79
1997,APR,62.56,16.88,22.13
1997,MAY,24.6,19.52,25.13
1997,JUN,9.63,22.7,28.86
1997,JUL,4.01,25.29,31.82
1997,AUG,16.6,25.28,31.34
1997,SEP,33.65,23.37,28.93
1997,OCT,20.09,20.25,25.75
1997,NOV,40.16,15.41,20.85
1997,DEC,43.42,11.74,17.5
1998,JAN,29.56,11.01,16.48
1998,FEB,59.6,13.24,18.24
1998,MAR,15.13,15.89,22.11
1998,APR,15.43,16.79,22.71
1998,MAY,30.4,18,23.46
1998,JUN,14.72,24.39,30.66
1998,JUL,2.8,28.06,34.68
1998,AUG,5.35,27.73,34.11
1998,SEP,18.71,24.06,29.98
1998,OCT,4.84,19.02,25.32
1998,NOV,2.4,15.55,21.85
1998,DEC,29.21,9.6,15.42
1999,JAN,42,9.3,14.72
1999,FEB,26.79,9.47,14.9
1999,MAR,31.17,13.23,18.61
1999,APR,5.75,18.11,24.55
1999,MAY,9.99,21.77,28.19
1999,JUN,4.96,24.77,31.32
1999,JUL,5.14,27.61,34.2
1999,AUG,10.52,27.38,33.64
1999,SEP,12.79,23.38,29.45
1999,OCT,62.76,19.56,24.53
1999,NOV,20.43,13.03,18.47
1999,DEC,20.35,10.31,15.99
2000,JAN,12.42,8.34,14.08
2000,FEB,2.04,13.39,20.12
2000,MAR,6.75,16.07,22.25
2000,APR,36.88,15.75,21.64
2000,MAY,35.59,19.67,25.45
2000,JUN,4.08,25.86,32.37
2000,JUL,2.97,27.78,34.44
2000,AUG,5.61,27.62,33.84
2000,SEP,9.2,23.64,29.82
2000,OCT,38.78,17.35,22.98
2000,NOV,16.4,13.94,19.65
2000,DEC,51.95,11.86,17.31
2001,JAN,27.14,10.97,16.66
2001,FEB,8.88,12.01,18.32
2001,MAR,12.9,16.83,23.24
2001,APR,7.01,18,24.39
2001,MAY,12.88,19.72,26.02
2001,JUN,2.94,26.01,32.7
2001,JUL,2.23,27.45,34.07
2001,AUG,6.33,27.39,33.67
2001,SEP,15.29,23.27,29.08
2001,OCT,14.84,21.45,27.27
2001,NOV,16.89,13.81,19.01
2001,DEC,48.68,12.34,17.34
2002,JAN,2.72,11.52,17.6
2002,FEB,9.48,13.4,19.94
2002,MAR,49.91,14.49,20.23
2002,APR,66.18,15.77,20.97
2002,MAY,20.73,19.91,26.01
2002,JUN,4.09,24.33,30.78
2002,JUL,2.5,26.51,33.13
2002,AUG,9.41,25.47,31.86
2002,SEP,7.84,23.43,29.65
2002,OCT,20.98,20.49,26.32
2002,NOV,74.47,14.93,20.3
2002,DEC,29.54,12.43,17.7
2003,JAN,24.79,9.73,15.45
2003,FEB,27.43,10.84,16.56
2003,MAR,33.84,15.67,21.32
2003,APR,28.89,16.8,22.65
2003,MAY,13.48,21.34,27.58
2003,JUN,8.71,25.41,31.81
2003,JUL,6.73,28.31,34.79
2003,AUG,13.14,27.41,33.53
2003,SEP,7.79,24.54,30.81
2003,OCT,76.74,18.78,23.63
2003,NOV,46.01,13.92,19.02
2003,DEC,42.2,11.01,16.36
2004,JAN,4.45,10.76,16.78
2004,FEB,33.28,12.33,17.82
2004,MAR,34.35,14.1,20.09
2004,APR,28.49,16.19,21.97
2004,MAY,44.45,17.27,22.67
2004,JUN,10.37,24.94,31.23
2004,JUL,4.26,27.84,34.21
2004,AUG,4.28,27.33,33.59
2004,SEP,5.94,24.3,30.43
2004,OCT,27.54,20.48,26.11
2004,NOV,24.11,13.26,18.63
2004,DEC,29.96,9.43,14.38
2005,JAN,3,8.26,14.94
2005,FEB,35.3,8.79,14.29
2005,MAR,20.04,15.24,21.03
2005,APR,3.41,18.13,24.56
2005,MAY,8.06,22.37,28.79
2005,JUN,10.18,25.51,31.79
2005,JUL,4.09,27.7,34.22
2005,AUG,8.67,27.68,34.37
2005,SEP,10.12,23.59,29.59
2005,OCT,29.97,20.09,25.63
2005,NOV,38.14,13.84,18.88
2005,DEC,28.36,10.06,15.31
2006,JAN,70.7,7.89,12.3
2006,FEB,44.79,10.02,14.67
2006,MAR,18.03,15.21,21.56
2006,APR,27.32,18.49,24.41
2006,MAY,31.63,21.64,27.52
2006,JUN,14.18,23.6,29.64
2006,JUL,9.15,28.33,34.82
2006,AUG,5.28,27.13,33.65
2006,SEP,14.96,23.94,29.78
2006,OCT,33.33,20.8,26.71
2006,NOV,25.02,15.8,21.28
2006,DEC,25.38,9.55,15.06
2007,JAN,18,10.42,17.04
2007,FEB,25.99,13.01,18.63
2007,MAR,13.76,14,20.26
2007,APR,54.14,15.31,20.77
2007,MAY,18.6,19.45,25.43
2007,JUN,2.61,23.53,29.99
2007,JUL,4.52,28.49,35.12
2007,AUG,10.94,26.79,33
2007,SEP,10.87,23.34,29.5
2007,OCT,26.26,19.27,24.83
2007,NOV,31.55,14.63,20.34
2007,DEC,11.76,10.75,16.43
2008,JAN,24.76,10.96,17.04
2008,FEB,34.18,13.08,18.44
2008,MAR,11.14,15.03,21.16
2008,APR,15.16,18.61,24.85
2008,MAY,24.37,18.99,24.76
2008,JUN,5.32,24.7,31.25
2008,JUL,7.63,27.82,34.23
2008,AUG,7.43,27.85,34.34
2008,SEP,43.41,22.81,28.51
2008,OCT,77.91,16.91,21.61
2008,NOV,48.27,11.53,16.56
2008,DEC,41.53,9.24,14.19
2009,JAN,51.03,8.66,13.32
2009,FEB,61.45,11.29,16.76
2009,MAR,55.66,14.58,19.83
2009,APR,10.28,15.88,21.96
2009,MAY,9.25,20.79,27.07
2009,JUN,17.79,24.62,30.95
2009,JUL,4.82,29,35.9
2009,AUG,4.68,27.67,34.24
2009,SEP,49.65,21.62,26.91
2009,OCT,6.82,21.3,27.73
2009,NOV,9.44,16.24,22.57
2009,DEC,69.14,13.11,18.64
2010,JAN,60.07,11.31,16.74
2010,FEB,94.28,13.6,18.32
2010,MAR,44.99,15.59,21.1
2010,APR,26.05,18.78,24.58
2010,MAY,14.33,19.67,25.78
2010,JUN,9.92,23.01,29.19
2010,JUL,10.26,28.45,34.78
2010,AUG,18.97,28.55,34.92
2010,SEP,17.49,24.66,30.53
2010,OCT,44.05,18.82,24.22
2010,NOV,57.12,14.55,20.04
2010,DEC,29.1,13.01,18.4
2011,JAN,24.82,11.06,17.06
2011,FEB,16.53,11,17.25
2011,MAR,38.46,13.25,18.73
2011,APR,44.78,18.3,24.09
2011,MAY,65.07,20.48,25.97
2011,JUN,27.4,25.3,31.49
2011,JUL,3.67,27.19,33.63
2011,AUG,10.6,27.62,33.85
2011,SEP,6.45,24.52,31.03
2011,OCT,28.29,19.62,25.42
2011,NOV,52.36,13.72,18.69
2011,DEC,5.18,10.66,17.07
2012,JAN,16.91,9.36,15.73
2012,FEB,7.77,8.88,14.78
2012,MAR,22.94,14.78,21.06
2012,APR,45.38,14.73,20.11
2012,MAY,5.6,22.2,28.52
2012,JUN,5.96,26.04,32.45
2012,JUL,3.81,28.47,35.11
2012,AUG,5.87,29.03,35.61
2012,SEP,26.41,23.8,29.92
2012,OCT,58.37,19.79,25.16
2012,NOV,60.07,15.12,19.87
2012,DEC,8.73,10.94,17.51
2013,JAN,28.11,10.65,17.08
2013,FEB,18.53,11.38,17.52
2013,MAR,68.06,14.78,20.13
2013,APR,21.88,17.63,23.56
2013,MAY,15.02,19.02,25.17
2013,JUN,3.98,23.67,30.3
2013,JUL,6.17,27.48,34.24
2013,AUG,7.27,28.06,34.6
2013,SEP,33.28,22.75,28.36
2013,OCT,10.08,21.15,27.39
2013,NOV,27.08,14.47,20.21
2013,DEC,19.12,10.49,16.01
2014,JAN,48.91,10.66,16.08
2014,FEB,20.05,11.97,17.62
2014,MAR,25.82,14.04,19.82
2014,APR,19.3,18.81,25.18
2014,MAY,15.45,21.89,28.19
2014,JUN,8.5,23.23,29.55
2014,JUL,4.32,26.6,33.19
2014,AUG,7.23,27.62,34.13
2014,SEP,32.64,23.68,29.43
2014,OCT,10.05,21.56,27.71
2014,NOV,137.86,14.68,19.02
2014,DEC,23.4,10.2,15.39
2015,JAN,31.73,9.6,15.09
2015,FEB,31.53,10.08,15.18
2015,MAR,35.28,13.84,19.74
2015,APR,19.55,18.54,24.68
2015,MAY,28.71,22.71,29.24
2015,JUN,9.62,23.97,30.11
2015,JUL,9.42,28.82,35.24
2015,AUG,16,26.9,32.98
2015,SEP,21.82,23.12,28.96
2015,OCT,45.57,20.09,25.3
2015,NOV,8.57,14.74,20.8
2015,DEC,0.8,12.54,19
2016,JAN,10.14,12.86,19.14
2016,FEB,33.99,12.22,17.87
2016,MAR,25.11,13.25,19.29
2016,APR,13.05,17.52,23.61
2016,MAY,41.44,20.37,26.07
2016,JUN,4.53,24.98,31.38
2016,JUL,7.94,28.72,35.17
2016,AUG,10.7,28.56,34.92
2016,SEP,14.7,24.15,30.15
2016,OCT,27.94,20.63,26.36
2016,NOV,46.64,14.01,19.12
2016,DEC,44.04,10.67,15.72
2017,JAN,19.69,8.88,14.99
2017,FEB,40.56,12.57,18.05
2017,MAR,14.04,15.07,21.23
2017,APR,16.54,19.57,25.87
2017,MAY,7.68,22.91,29.09
2017,JUN,9.46,26.85,33.12
2017,JUL,2.81,28.47,35.08
2017,AUG,13.43,28.69,35.02
2017,SEP,5.65,24.73,31.11
2017,OCT,11.65,21.52,27.86
2017,NOV,12.45,15.67,22.52
2017,DEC,25.24,10.05,15.82
2018,JAN,45.79,10.15,15.5
2018,FEB,38.85,10.05,15.31
2018,MAR,62.4,14.34,19.53
2018,APR,46.66,16.25,21.56
2018,MAY,33.62,18.17,23.63
2018,JUN,4.46,22.75,28.79
2018,JUL,1.73,27.9,34.42
2018,AUG,19.07,26.9,33.2
2018,SEP,42.17,23.74,29.39
2018,OCT,65.25,18.77,23.87
2018,NOV,38.73,13.7,18.85
2018,DEC,2.67,12.52,19.54
2019,JAN,12.74,9.82,16.49
2019,FEB,10.94,12.45,19.19
2019,MAR,30.23,15.11,21.2
2019,APR,37.21,16.35,22.05
2019,MAY,8.95,22.55,29.05
2019,JUN,4.01,24.01,30.51
2019,JUL,4.67,27.17,33.53
2019,AUG,13.93,28.07,34.39
2019,SEP,17.52,24.32,30.73
2019,OCT,13.61,20.49,26.68
2019,NOV,26.62,14.45,19.97
2019,DEC,31.58,12.1,18.03
2020,JAN,12.73,9.8,16.31
2020,FEB,1.26,15.05,22.04
2020,MAR,40.42,15.02,20.77
2020,APR,37.97,17.33,22.76
2020,MAY,24.04,22,28.12
2020,JUN,6.54,24.4,30.59
2020,JUL,5.55,29.43,35.96
2020,AUG,8.28,28.57,35.07
2020,SEP,8.86,25.48,31.86
2020,OCT,16.97,19.6,25.85
2020,NOV,26.97,15.79,21.46
2020,DEC,23.25,11.69,17.15