Year (2020-2099),month,"Projected Variability and Trends of Average Mean Surface Air Temperature across Seasonal Cycle, 2020-2100; Morocco; SSP5-8.5, access-cm2_r1i1p1f1","Projected Variability and Trends of Average Mean Surface Air Temperature across Seasonal Cycle, 2020-2100; Morocco; SSP3-7.0, access-cm2_r1i1p1f1","Projected Variability and Trends of Average Mean Surface Air Temperature across Seasonal Cycle, 2020-2100; Morocco; SSP2-4.5, access-cm2_r1i1p1f1","Projected Variability and Trends of Average Mean Surface Air Temperature across Seasonal Cycle, 2020-2100; Morocco; SSP1-2.6, access-cm2_r1i1p1f1","Projected Variability and Trends of Average Mean Surface Air Temperature across Seasonal Cycle, 2020-2100; Morocco; SSP5-8.5, access-cm2_r1i1p1f1 (Actual is Max not Mean)","Projected Variability and Trends of Average Mean Surface Air Temperature across Seasonal Cycle, 2020-2100; Morocco; SSP3-7.0, access-cm2_r1i1p1f1 (Actual is Max not Mean)","Projected Variability and Trends of Average Mean Surface Air Temperature across Seasonal Cycle, 2020-2100; Morocco; SSP2-4.5, access-cm2_r1i1p1f1 (Actual is Max not Mean)","Projected Variability and Trends of Average Mean Surface Air Temperature across Seasonal Cycle, 2020-2100; Morocco; SSP1-2.6, access-cm2_r1i1p1f1 (Actual is Max not Mean)","Projected Precipitation 2020-2100; Morocco; SSP5-8.5, access-cm2_r1i1p1f1","Projected Precipitation 2020-2100; Morocco; SSP3-7.0, access-cm2_r1i1p1f1","Projected Precipitation 2020-2100; Morocco; SSP2-4.5, access-cm2_r1i1p1f1","Projected Precipitation 2020-2100; Morocco; SSP1-2.6, access-cm2_r1i1p1f1"
2020,JAN,10.8,12.71,11.16,9.26,15.6,17.94,16.11,13.78,57.52,79.84,41.76,44.73
2020,FEB,13.6,12.37,11.17,11.41,19.36,17.86,16.82,16.45,22.02,4.4,25.2,31.79
2020,MAR,14.6,15.59,14.98,13.39,20.24,21.01,20.7,18.94,13.18,25.94,24.95,25.27
2020,APR,16.06,17.83,16.47,17.1,21.74,23.46,22.19,22.26,15.69,51.09,20.54,83.82
2020,MAY,20.91,23.08,20.22,22.45,26.96,29.67,26.1,28.66,12.46,6.61,25.23,13.04
2020,JUN,25.09,27.33,26.16,24.67,31.09,33.76,32.63,30.9,14.23,8.86,7.43,17.11
2020,JUL,29.02,28.94,28.53,28.4,35.57,35.64,35.22,35.51,1.77,1.97,2.58,0.47
2020,AUG,28.49,27.38,28.56,28.85,35.32,33.46,35.18,35.51,1.06,4.36,3.21,1.21
2020,SEP,26.17,23.05,25.53,24.95,31.65,28.24,31.57,30.96,25.45,50.82,9.77,5.74
2020,OCT,20.65,20.19,22.31,22.48,25.46,25.02,27.84,28.15,49.14,49.08,20.86,12.7
2020,NOV,16.2,15.25,16.38,15.78,20.96,20.32,21.22,20.97,50.89,19.81,76.89,42.02
2020,DEC,12.03,10.09,14.13,12.65,16.43,14.64,19.08,17.19,63.66,25.34,30.63,43.69
2021,JAN,9.39,12.23,12.15,12.77,13.09,16.73,17.14,18.91,92.91,91.98,45.24,11.66
2021,FEB,9.86,13,12.52,14.21,14.37,17.32,17.89,20.48,56.13,55.19,40.02,14.32
2021,MAR,12.69,16.4,14.36,13.3,17.65,21.46,20.19,18.74,65.82,56.26,20.03,21.41
2021,APR,17.87,19.64,15.68,16.65,23.44,25.26,21.19,22.23,38.77,44.89,38.04,40.81
2021,MAY,22.33,23.77,21.11,21.43,28.54,29.89,27.34,27.15,11.51,7.67,12.96,34.54
2021,JUN,23.95,23.33,22.86,24.21,29.91,29.01,28.81,30.81,9.57,20.17,22.45,6.19
2021,JUL,28.41,28.54,27.62,28.72,34.86,35,34.32,35.26,4.01,1.32,2.19,2.66
2021,AUG,29.46,28.77,28.01,28.72,35.9,35.27,34.62,35.27,3.35,1.63,1.82,2.92
2021,SEP,26.13,25.21,24.6,26.11,32.53,31.37,30.33,31.96,6.51,3.89,8.68,7.15
2021,OCT,20.56,21.26,20.91,22.48,25.07,26.35,25.49,28.31,67.21,39.28,62.5,7.02
2021,NOV,18.19,16.06,15.06,15.08,24.07,20.84,20.07,20.33,1.58,57.45,29.1,29.61
2021,DEC,11.01,13.44,12.62,11.36,15.77,18.64,17.48,16.46,28.52,55.02,21.84,32.67
2022,JAN,10.58,10.22,9.62,9.86,15.99,15.05,14.54,15.09,17.54,24.42,6.19,9.67
2022,FEB,11.92,13.58,14.25,13.72,17.76,18.94,19.77,19.16,7.17,28.3,11.39,41.2
2022,MAR,13.6,17.36,18.5,15.03,19.42,23.56,24.84,20.01,23.73,4.22,9.21,66.13
2022,APR,19.85,19.76,18.08,18.59,26.4,26.05,23.63,24.1,9.63,14.45,23.65,48.01
2022,MAY,19.17,19.27,21.67,21.35,24.59,25.2,27.84,26.79,37.44,16.1,10.35,43.12
2022,JUN,24.28,25.57,24.66,25.64,30.83,32.04,30.75,31.7,4.47,13.01,9.36,16.08
2022,JUL,29,30,28.64,28.98,35.71,36.65,35.5,35.86,1.73,2.08,1.36,0.92
2022,AUG,28.88,28.02,28.89,28.52,35.52,34.33,35.11,35,2.22,2.82,3.77,3.38
2022,SEP,25.68,24.79,25.92,25.3,31.82,30.51,31.96,31.27,6.22,13.38,12.46,10.05
2022,OCT,22.55,21.72,20.03,21.34,28.25,27.19,25,26.73,15.06,7.64,43.43,25.64
2022,NOV,16.78,15.35,16.03,16.6,22.44,20.54,20.82,22.15,28.78,26.87,63.27,4.36
2022,DEC,11.86,13.36,12.01,12.6,16.03,19.41,16.2,18.23,136.73,8.6,79.03,24.82
2023,JAN,13.12,10.49,10.05,10.41,17.12,15.37,14.82,15.41,125.73,43.53,54.83,42.84
2023,FEB,13.88,11.57,12.78,14.62,18.2,16.15,18.83,20.38,115.21,69.29,12.61,22.55
2023,MAR,14.55,14.59,16.53,16.77,18.86,20.28,22.7,22.58,139.39,13.69,20.17,15.55
2023,APR,17.74,19.11,18.21,19.77,23.04,25.13,24.16,26.13,46.29,32.27,16.95,15.12
2023,MAY,20.42,20.46,19.78,20.89,26.05,26.06,25.59,26.61,25.95,34.43,17.4,45.78
2023,JUN,24.24,24.4,23.31,25.82,29.94,30.46,29.46,32.24,7.34,11.03,11.3,3.73
2023,JUL,28.18,28.69,28.63,28.99,34.79,35.07,35.36,35.54,1.04,4.6,1.75,2.13
2023,AUG,29.38,29.58,28.66,28.9,35.87,35.89,35.19,35.1,3.46,5.71,2.63,10.4
2023,SEP,25.24,25.88,24.69,25.63,30.61,32.02,30.78,31.71,18.89,2.09,5.95,5.52
2023,OCT,21.9,20.7,20.58,20.39,26.69,25.89,25.51,25.42,56.52,42.86,43.96,51.97
2023,NOV,16.18,17.09,12.56,15.89,21.06,22.44,17.36,20.22,35.95,18.68,17.46,72.18
2023,DEC,11.01,11.78,12.56,12.38,15.69,16.02,18.69,16.65,45.72,76.04,2.01,54.1
2024,JAN,10.81,10.39,11.05,11.74,15.35,15.23,16.72,17.11,68.13,29.44,12.23,22.77
2024,FEB,11.77,10.42,11.69,12.92,16.92,15.1,16.03,18.29,23.12,33.2,75.14,20.2
2024,MAR,17.91,14.99,15.05,15.05,24.56,21.02,20.81,20.11,3.51,10.85,31.29,67.21
2024,APR,18.18,19.39,17.85,19.78,24.14,25.29,23.62,25.56,37.65,33.28,24.67,34.22
2024,MAY,20.26,19.98,22.3,22.14,25.95,25.32,28.35,28.13,22.42,46.01,10.25,21.59
2024,JUN,24.3,24.84,24.33,25.79,30.16,30.78,30.39,31.81,27.36,11.54,12.28,17.65
2024,JUL,27.5,28.53,26.85,28.29,34.14,35.37,33.12,34.77,1.37,1.46,2.95,2.29
2024,AUG,28.88,28.87,29.21,29.48,35.38,35.52,35.6,35.79,4.6,1.3,6.02,6.11
2024,SEP,24.59,24.78,25.13,25.63,30.15,30.12,31.08,30.81,22.15,45.66,10.34,44.15
2024,OCT,20.07,20.72,21.29,22.67,24.99,25.97,27.02,27.28,64.5,16.29,13.69,69.87
2024,NOV,15.06,17.33,15.52,15.57,19.9,22.49,20.07,20.33,33.32,35.45,59.85,39.68
2024,DEC,10.34,11.83,11.23,13.84,15.47,16.77,15.97,18.92,23.03,18.7,34.9,33.49
2025,JAN,10.6,12.82,12.01,10.14,15.49,18.56,17.79,15.35,61.81,20.32,27.01,20.29
2025,FEB,10.46,12.1,13.24,11.13,14.78,17.91,17.49,15.95,68.03,2.21,127.56,21.83
2025,MAR,12.51,13.65,15.22,16.16,17.29,18.7,20.1,21.9,43.4,51.42,72.32,15.52
2025,APR,16.56,18.46,17.34,19.19,22.34,24.25,22.73,25.1,32.52,21.78,51.75,27.77
2025,MAY,23.47,19.4,19.7,20.96,30.05,25.09,25.41,26.9,5.61,24.75,18.04,12.7
2025,JUN,23.39,24.91,25.01,25.23,29.3,31.48,31.44,31.54,16.88,3.98,2.49,5.82
2025,JUL,29.26,28.47,28.59,29.7,35.89,35.06,35.22,36.51,2.71,2.37,2.5,1.64
2025,AUG,29.28,27.8,29.16,29.79,35.83,34.57,35.74,36.4,1.22,2.41,1.4,2.11
2025,SEP,23.75,25.31,24.94,26.18,29.36,30.8,31.52,32.11,6.18,14.31,2.22,6.67
2025,OCT,19.76,19.63,22.21,22.34,24.72,24.22,27.92,27.87,28.18,86.99,12.18,13.02
2025,NOV,14.12,16.2,17.12,17.26,18.81,20.72,22.38,22.86,44.48,51.27,35.11,21.21
2025,DEC,12,12.88,12.87,11.56,16.78,17.85,18.02,16.31,53.2,70.55,25.73,18.33
2026,JAN,10.02,10.11,11.72,11.52,14.34,14.94,16.97,17.22,36.43,19.06,39.95,12.37
2026,FEB,11.83,14.54,14.18,12.87,17.42,20.45,19.76,18.1,13.6,5.28,10.49,15.89
2026,MAR,13.54,14.7,15.65,16.03,18.83,19.51,20.42,22.17,61.99,104.31,78.07,13.64
2026,APR,18.97,17.92,15.07,19.4,25,23.08,20.03,25.37,24.28,44.34,57.72,35.52
2026,MAY,24.65,19.88,20.84,19.66,31.18,25.6,26.5,25.62,9.52,12.4,24.38,26.91
2026,JUN,24.13,24.74,24.85,25.76,30.27,30.68,31.22,32.06,12.54,10.34,5.03,9.22
2026,JUL,28.5,27.76,28.46,29.31,35.31,34.33,34.76,35.77,1.21,1.18,3.14,2.77
2026,AUG,28.79,29.64,28.96,29.48,35.41,35.95,35.45,35.83,1.68,2.67,2.73,3.91
2026,SEP,25.85,25.2,26.41,25.88,31.9,30.98,32.23,31.56,6.41,22.5,16.21,12.77
2026,OCT,21.32,20.97,22.15,20.45,26.31,26.04,28.03,25.01,60.6,19.32,5.24,83.19
2026,NOV,14.6,14.73,17.71,14.24,18.68,19.92,22.93,18.04,91.71,23.9,23.91,98.76
2026,DEC,13.8,10.25,13.24,11.74,18.12,15.33,18.3,16.41,101.58,26.47,53.96,63.82
2027,JAN,11.16,12,11.99,10.67,16.27,17.26,17.1,15.29,10.07,58.78,54.55,42.26
2027,FEB,13.24,12.37,13.8,10.92,18.42,17.34,18.86,15.91,31.09,39.33,44.26,28.13
2027,MAR,15.68,14.26,16.29,14.34,21.55,19.69,22.04,19.47,24.87,37.92,22,61.84
2027,APR,16.46,20.73,17.08,16.21,21.82,27.46,22.5,21.61,48,7.82,54.04,38.03
2027,MAY,23.8,19.84,21.12,20.75,29.82,25.47,27.13,26.68,15.57,24.96,25.65,13.05
2027,JUN,25.85,25.68,23.47,24.33,31.96,32.36,29.67,30.39,7.47,3.44,7.54,13.9
2027,JUL,29.37,27.24,29.42,29.84,35.7,33.52,36.26,36.7,2.94,3.63,1.55,1.47
2027,AUG,29.32,27.62,28.67,29.05,35.81,33.87,35.17,35.56,2.72,2.78,2.31,1.91
2027,SEP,25.24,26.37,25.8,25.79,30.95,32.13,31.5,31.52,13.36,17.57,23.37,14.3
2027,OCT,22.26,23.27,22.49,19.34,27.34,28.58,27.96,24,67.07,16.76,19.59,56.25
2027,NOV,15.68,16.11,15.74,15.57,20.41,20.52,20.73,20.45,16.07,52.63,52.31,55.51
2027,DEC,13.81,13.45,10.52,12.72,18.9,18.18,14.03,17.86,30.04,65.46,144.12,25.78
2028,JAN,12.57,12.4,11.52,11.72,17.39,16.9,15.73,15.79,63.31,79.96,111.84,87.59
2028,FEB,13.52,15.12,13.03,11.69,18.31,19.34,18.55,16.22,51.5,120.11,28.33,37.7
2028,MAR,16.33,16.36,16.19,16.8,21.69,21.29,21.76,22.87,61.43,55.12,27.12,9.7
2028,APR,18.11,20.62,19.43,20.39,24.03,26.52,25.33,26.73,15.06,48.41,21.42,4.16
2028,MAY,17.97,19.91,22.98,21.52,23.06,25.24,28.69,27.78,43.68,37.89,31.97,6.94
2028,JUN,25.59,21.75,25.36,27.4,32.13,27.49,31.25,33.59,3.83,13.01,7.63,11.12
2028,JUL,28.51,28.41,28.71,29.39,34.96,34.84,35.3,35.94,1.57,4.56,1.54,2.01
2028,AUG,29.27,27.4,29.68,29.07,35.86,34.07,35.75,35.31,1.31,1.08,4.89,4.02
2028,SEP,24.96,26.02,25.92,24.01,30.92,31.99,31.35,29.27,8.68,11.89,23.16,21.43
2028,OCT,22.29,19.86,22.47,20.47,27.77,24.28,27.66,25.49,24.45,63.41,21.02,38.2
2028,NOV,16.52,14.74,16.04,15.29,21.48,19.06,21.03,20.56,38.12,48.53,27.92,16.17
2028,DEC,13.69,11.28,13.43,11.45,19.64,15.96,18.97,16.29,12.9,25.04,4.94,33.79
2029,JAN,10.83,10.82,12.41,9.77,16.36,16.39,17.57,13.46,10.29,5.38,41.44,69.8
2029,FEB,15.57,14.18,13.4,12.87,21.49,20.3,19.46,16.8,28.88,5.28,2.09,117.83
2029,MAR,15.81,13.97,15.83,12.08,21.61,19.14,21.1,16.58,18.62,42.54,33.96,48.08
2029,APR,18.02,18.59,14.89,19.04,24.39,24.06,19.78,24.78,15.02,41.82,64.74,25.69
2029,MAY,22.33,21.05,20.44,23.76,28.89,26.76,26.65,29.79,11.45,40.76,8.74,19.64
2029,JUN,24.8,25.48,23.02,27.88,30.95,31.74,29.43,34.15,9.14,13.84,2.45,17.43
2029,JUL,29.22,29.42,27.84,29.75,36,36.09,34.97,36.26,1.61,2.15,0.24,2.6
2029,AUG,28.33,28.81,27.78,29.35,34.77,35.34,34.55,35.64,2.72,2.16,1.23,5.51
2029,SEP,25.79,25.4,25.98,25.79,31.84,31.44,32.26,31.51,10.57,8.93,3.98,17.15
2029,OCT,23.16,20.17,22.19,20.86,29.95,25.56,27.67,26.24,0.82,35.32,31.58,20.4
2029,NOV,16.41,15.27,14.48,16.62,21.76,20.13,19.13,21.59,13.1,50.28,51.5,29.38
2029,DEC,12.93,11.86,11.76,11.69,17.45,16.27,17.09,16.68,76.84,50.99,15.61,23.16
2030,JAN,12.52,9.46,12.53,11.58,18,13.64,18.2,16.08,13.93,55.22,12.11,63.99
2030,FEB,12.92,10.81,11.66,13.64,18.66,15.02,16.04,19.64,7.46,70.98,77.81,13.39
2030,MAR,17.15,13.48,15.46,15.69,23.57,19.04,21.12,21.22,2.39,38.84,24.88,35.95
2030,APR,18.89,18.07,17.59,18.53,25.06,23.99,23.7,24.29,11.84,18.58,14,43.76
2030,MAY,20.4,19.59,20.78,20.21,26.11,25.38,26.89,25.76,44.86,22.55,6.03,28.43
2030,JUN,26.32,24.7,25.17,26.84,32.72,30.66,31.61,33.06,12.34,16.27,14.35,11.27
2030,JUL,27.96,28.98,29.27,28.6,34.37,35.82,35.81,34.85,1.09,1.67,2.79,5.93
2030,AUG,28.32,29.81,28.79,29.69,34.97,36.34,35.34,36.21,2.18,4.95,2.09,1.62
2030,SEP,26.38,24.58,23.87,26.24,32.14,30.31,29.31,31.92,16.07,17.31,25.98,21.21
2030,OCT,22.14,20.64,23.08,21.71,26.96,25.59,28.56,26.95,60.88,47.44,22.27,18.57
2030,NOV,14.28,14.91,16.5,15.9,18.9,19.9,21.7,21.61,36.56,29.6,38.14,5.29
2030,DEC,14.18,11.89,12.15,14.48,19.4,16.73,17.01,18.96,28.37,19.18,34.37,86.08
2031,JAN,11.6,11.44,11.15,11.29,16.67,16.65,16.08,16.93,15.56,27.1,28.04,14.11
2031,FEB,12.46,13.16,13.7,12.91,17.59,18.89,18.58,18.04,28.76,11.33,48.56,26.24
2031,MAR,15.42,15.2,14.14,15.39,20.79,20.14,19.54,20.44,30.18,82.53,32.12,70.37
2031,APR,16.17,17.55,16.22,19.04,21.68,23.44,21.88,25.1,31.54,24.93,23.74,29.4
2031,MAY,23.33,21.1,21.44,20.65,29.55,26.8,27.47,26.6,11.03,26.89,26.34,8.8
2031,JUN,23.94,25.1,23.63,24.37,29.95,31.23,29.06,30.77,3.98,12.54,21.72,6.38
2031,JUL,29.44,29.04,29.39,28.42,36.31,35.76,36.17,35.12,1.26,2.53,1.58,1.62
2031,AUG,29.46,28.57,29.1,29.77,36.25,35.12,35.69,36.65,2.44,4.09,1.78,1.59
2031,SEP,26.25,25.98,25.89,25.99,32.28,32.05,31.65,32.25,7.84,5,16.45,3.63
2031,OCT,23.09,21.97,21.54,21.01,28.95,27.28,27.34,26.55,16.57,35.02,15.58,20.3
2031,NOV,15.89,15.13,17.98,15.69,21.39,20.51,23.55,20.95,5.95,9.48,14.39,24.74
2031,DEC,14.08,11.55,13.56,11.2,19.33,16.64,18.27,15.28,26.76,14.15,66.09,92.9
2032,JAN,11.2,10.62,13.1,10.2,16.94,15.99,19.1,14.69,5.44,32.02,18.46,44.7
2032,FEB,11.03,12.81,12.67,10.8,16.21,18.25,18.37,15.69,17.95,16.49,29.07,26.56
2032,MAR,13.3,14.16,12.49,15.39,19.03,19.44,17.46,20.94,35.07,40.89,50.54,30.26
2032,APR,18.18,17.07,19.18,18,24.19,22.69,25.56,23.74,16.97,49.17,10.54,20.16
2032,MAY,20.69,18.86,20.91,20.13,26.82,23.99,27.36,26.06,13.15,57.69,4.63,19.29
2032,JUN,26.01,23.26,24.78,26.39,32.66,29.45,30.94,33.09,5.42,7.06,13.96,6.1
2032,JUL,28.57,27.9,28.78,29.63,35.15,34.49,35.43,36.35,2,1.65,4.11,2.28
2032,AUG,29.28,29.15,28.54,29.79,35.87,35.84,34.99,36.36,2.76,1.63,2.62,2.81
2032,SEP,24.94,25.01,25.64,24.64,30.26,30.6,31.53,30.29,49.64,19.59,10.38,19.87
2032,OCT,20.67,21.49,22.22,19.03,25.57,27.32,27.29,24,45.52,11.16,30.92,30.65
2032,NOV,17.07,15.79,15.45,15.9,22.15,21.26,20.66,21.56,22.57,18.41,11.94,9.39
2032,DEC,13.28,13.19,12.36,12.78,19.23,18.84,17.58,18.43,3.3,14.79,20.98,19.4
2033,JAN,10.96,10.6,10.04,10.48,16.06,16.28,14.5,15.44,38.17,6.02,45.27,40.36
2033,FEB,14.92,12.32,12.01,14.37,20.11,17.11,17.35,19.79,32.72,74.95,16.36,19.76
2033,MAR,16.27,15.17,15.13,18.78,22.66,21.05,20.58,25.4,3.05,10.66,18.05,1.61
2033,APR,19.6,16.19,18.06,20.87,25.96,21.65,23.93,26.73,19.46,35.85,22.29,45.48
2033,MAY,23.48,21.11,18.48,20.37,29.47,27.52,24.04,25.63,37.53,9.38,24.93,66.22
2033,JUN,26.29,23.68,23.37,22.74,32.76,30.17,29.51,28.63,7.88,3,2.02,6.77
2033,JUL,29.78,29.1,28.47,27.8,36.42,36.04,35.52,34.57,2.39,1.07,1.09,0.98
2033,AUG,28.19,29.54,29.19,28.89,34.69,36.37,35.99,35.37,1.6,0.91,1.93,1.78
2033,SEP,26.36,24.81,25.65,25.85,32.51,30.89,31.97,32.19,17.4,9.63,10.56,2.17
2033,OCT,23.48,22.69,21.31,22.4,29.57,28.64,26.89,27.81,4.78,16.11,19.47,29.55
2033,NOV,18.71,16.67,15.38,16.59,24.55,22.51,20.25,22.32,15.95,7.78,44.14,7.8
2033,DEC,16.16,12.91,12.36,12.05,21.97,18.17,17.22,17.21,27.78,39.28,41.54,52.48
2034,JAN,12.44,11.03,11.12,10.91,17.27,16.57,15.92,16.09,72.39,20.47,36.87,28.17
2034,FEB,13.43,12.25,12.05,11.75,18.31,17.64,16.93,15.88,19.43,10.66,36.77,126.24
2034,MAR,13.83,15.36,14.93,15.03,19.05,21.2,20.66,20.29,36.47,14.5,40.67,45.08
2034,APR,18.73,15.37,17.32,17.12,25.08,20.55,22.76,22.61,9.03,51.18,46.73,43.47
2034,MAY,23.01,20.84,21.87,19.97,29.16,27.04,27.77,25.67,13.27,14.54,21.75,20.38
2034,JUN,24.37,25.37,26.51,24.96,30.71,32.17,32.84,31.38,9.44,4.62,9.04,9.83
2034,JUL,30,27.43,28.76,27.13,36.88,34.66,35.38,34.13,1.82,0.29,1.25,0.86
2034,AUG,29.68,28.84,29.96,28.7,36.48,35.63,36.13,35.09,2.09,1.74,5.7,6.03
2034,SEP,25.15,22.81,25.05,25.33,31.38,28.08,31.05,31.1,5.99,26.5,10.24,17.02
2034,OCT,21.55,19.75,20.98,22.22,27.11,24.76,26.83,27.81,27.31,31.56,8.78,6.91
2034,NOV,14.01,16.11,14.98,16.22,18.03,21.4,19.9,22.12,76.67,18.42,49.87,2.67
2034,DEC,12.16,11.6,12.86,11.43,17.63,16.22,17.67,16.7,5.78,66.03,37.33,16.22
2035,JAN,10,12.42,11.95,10.87,14.9,18.46,17.92,16.44,26.04,11.93,3.59,5.54
2035,FEB,13.04,12.22,14.18,11.98,18.67,17.32,20.48,17.68,4.61,39.36,7.86,4.97
2035,MAR,16.16,14.52,16.89,14.7,22.44,20.1,22.48,20.76,11.5,29.06,65.31,23.62
2035,APR,17.87,19.41,18.36,18.33,23.43,25.69,23.71,24.62,23.79,20.06,41.73,10.18
2035,MAY,20.76,18.65,22.22,21.1,26.3,24.35,28.37,27.09,38.6,32.9,11.89,19.38
2035,JUN,25.77,23.19,26.73,26.29,32.21,29.28,33.24,32.92,6.05,8,5.25,8.88
2035,JUL,29.02,28.69,29.66,28.31,35.85,35.6,36.36,34.88,2.1,0.9,1.71,4.41
2035,AUG,29.01,29.26,29.31,28.87,35.55,36.1,36,35.45,2.15,0.94,2.3,2.64
2035,SEP,24.7,25.49,25.42,25.13,30.51,31.97,31.33,31.23,13,3.77,25.1,8.24
2035,OCT,19.12,21.44,20.03,20.97,23.83,26.08,25.1,26.23,68.26,94.13,40.61,28.78
2035,NOV,14.44,15.6,15.78,16.09,19.7,19.98,20.16,21.32,7.29,59.24,75.06,38.76
2035,DEC,11.42,11.18,13.67,11.21,15.8,15.19,19.08,16.36,51,67.55,13.78,19.08
2036,JAN,10.12,9.93,12.61,11.96,14.56,14.64,17.68,17.86,55.53,35.79,50,6.54
2036,FEB,13.07,12.99,12.58,10.67,18.5,18.88,18.05,15.36,28.27,6.25,12.71,44.79
2036,MAR,16.09,14.31,15.76,13.66,22.12,19.65,21.36,19.33,7.56,36.08,9.6,30.52
2036,APR,17.32,19.43,18.34,17.56,23.11,25.65,24.31,23.62,50.31,14.48,20.05,12.76
2036,MAY,21.59,20.24,19.74,19.17,27.53,26.27,25.32,25.23,16.69,17.72,39.14,16.99
2036,JUN,24.51,24.78,24.97,26.97,30.92,31.31,31.38,33.77,2.66,3.56,6.46,4.09
2036,JUL,29.14,29,28.79,28.01,35.87,35.78,35.89,34.88,2.32,2.77,0.3,1.16
2036,AUG,28.83,28.27,28.5,27.95,35.4,35.05,35.32,34.95,1.9,1.21,1.18,0.77
2036,SEP,25.34,25.53,25.83,25.72,31.11,31.33,32.01,31.85,10.05,21.45,6.8,5.84
2036,OCT,21.86,22.44,20.54,20.41,27.65,27.89,25.46,26.11,24.21,29.22,59.78,14.49
2036,NOV,16.47,15.9,14.95,17.49,21.54,21.11,19.76,22.39,28.34,17.28,23.39,62.31
2036,DEC,13.7,14.59,12.59,11.71,19.3,19.76,18.01,16.27,13.55,13.71,16.74,30.03
2037,JAN,11.32,13.05,12.76,11.08,17.04,17.49,18.39,16.11,7.52,87.1,16.73,29.16
2037,FEB,12.52,11.6,11.5,12.25,17.71,16.48,17.2,17.82,29.87,28.36,4.12,8.47
2037,MAR,18.91,13.45,14.88,14.15,25.28,17.89,20.31,19.61,15.58,90,42.45,27.28
2037,APR,19.31,17.44,17.46,19.6,25.31,23.22,23.51,25.91,15.76,10.21,8.79,15.24
2037,MAY,22.65,23.04,20.68,21.03,29.2,28.72,26.59,26.99,3.56,15.66,15.34,26.56
2037,JUN,26.16,25.37,27.1,26.38,32.79,31.36,33.77,33.18,7.57,22.8,6.14,2.89
2037,JUL,29.87,29.44,29.16,29.73,37.02,36.03,35.53,36.55,0.62,2.1,3.63,3.14
2037,AUG,28.43,29.01,29,28.36,35.3,35.29,35.21,35.15,0.94,3.5,9.09,1.71
2037,SEP,27.17,27.79,26.2,24.83,33.49,33.81,32.12,30.97,10.42,10.73,14.1,6.11
2037,OCT,21.85,20.26,21.43,21.69,26.91,25.53,26.55,27.26,47.99,26.27,27.2,16.33
2037,NOV,16.02,18.09,17.85,15.84,20.8,24.36,23.39,21.22,38.38,2.88,11.27,12.63
2037,DEC,12.43,10.55,11.12,10.23,17.29,14.79,15.6,14.74,30.95,48.74,36.41,31.1
2038,JAN,10.12,10.25,11.07,12.77,15.43,15.47,16.55,17.99,10.11,11.38,11.57,39.76
2038,FEB,13.17,11.58,14.6,12.92,18.99,16.07,19.53,18.64,14.05,66.01,70.02,15.94
2038,MAR,15.05,17.38,16.55,12.37,20.85,23.36,21.99,17.48,29.19,23.7,47.54,40.89
2038,APR,19.07,20.93,18.54,20.54,25.39,27.05,23.97,26.91,11.1,16.93,37.69,22.93
2038,MAY,19.76,23.35,21.61,19.99,25.32,29.39,27.69,25.78,47.21,16.12,23.38,18.44
2038,JUN,25.17,26.25,26.35,27.69,31.6,32.8,32.53,34.2,5.45,5.56,7.69,13.12
2038,JUL,29.41,29.74,29.53,30,36.47,36.75,36.29,36.76,1.23,0.86,1.9,2.18
2038,AUG,28.95,28.88,29.32,29.18,35.91,35.27,36.15,35.83,1.16,5.48,1.15,2.94
2038,SEP,24.42,25.01,25.76,26.06,30.41,30.64,31.66,32.19,10.97,19.41,3.46,7.09
2038,OCT,22.22,21.14,21.67,22.45,27.16,26.29,26.85,27.93,41.73,22.52,18.54,31.95
2038,NOV,19.27,15.4,16.45,16.86,25,20.6,21.95,23.01,17.91,18.17,21.73,8.84
2038,DEC,14.03,12.91,12.84,11.19,20.03,17.86,18.2,16.42,3.46,47.74,19.6,17.39
2039,JAN,10.47,12.91,12.84,10.28,16.11,18.3,18.9,15.28,3.41,43.11,17.98,41.62
2039,FEB,12.66,9.3,14.28,10.62,18.47,13.28,20.35,15.45,13.36,52.65,18.74,41.3
2039,MAR,17.41,15.22,16.9,11.95,23.69,20.8,22.73,16.86,6.16,19,32.11,63.25
2039,APR,16.7,16.52,17.22,18.92,22.22,22.33,22.61,25.14,33.2,20.9,83.09,11.59
2039,MAY,21.67,18.48,24.25,19.35,28.04,24.02,30.39,24.96,9.02,23.98,18.23,43.55
2039,JUN,24.95,25.11,26.19,24.6,31.57,31.44,32.49,31.01,3.32,12.85,8.68,9.87
2039,JUL,29.7,29.31,30.46,28.43,37.03,35.92,37.14,35.15,0.89,1.46,2.36,1.1
2039,AUG,28.93,28.92,29.56,29.45,35.71,35.72,36.25,35.99,2.53,2.7,1.13,3.44
2039,SEP,26.05,25.54,26.07,25.95,31.57,31.57,32.47,32.02,22.91,4.77,1.69,11.22
2039,OCT,21.45,18.95,21.56,21.57,26.98,24.26,27.21,26.4,23.12,24.31,25.43,65.5
2039,NOV,17.21,16.59,16.35,15.15,23.34,21.9,21.18,19.78,6.49,31.36,38.48,56.34
2039,DEC,13.7,13.33,13.37,11.56,18.2,18.37,18.03,16.6,69.02,51.67,42.17,11.21
2040,JAN,11.43,14.26,14.31,10.22,16,20.46,19.66,15.3,64.78,13.6,47.26,35
2040,FEB,13.02,14.5,13.05,12.7,18.9,19.26,18.22,17.32,10.24,88.67,39.69,55.64
2040,MAR,14.74,12.64,16.64,14.48,19.86,17.23,22.12,19.53,47.64,62.04,37.06,90.5
2040,APR,18.08,18.21,22.01,18.48,23.87,23.97,28.32,24.6,30.02,28.74,20.65,17.38
2040,MAY,18.71,21.75,21.21,20.7,24.33,27.59,26.92,26.57,23.73,33.14,26.18,12.71
2040,JUN,24.48,23.59,25.71,23.37,30.84,29.44,31.91,29.13,4.3,7.17,10.74,18.37
2040,JUL,30.25,30.05,29.98,30.09,37.06,37.13,36.58,36.67,1.23,0.7,3.55,1.95
2040,AUG,29.52,30.02,29.28,29.69,36.15,36.5,35.88,36.33,2.17,3.71,4.45,1.43
2040,SEP,26.86,26.27,26.28,25.28,33.04,32.31,31.59,31.35,5.62,8.24,31.46,14.77
2040,OCT,21.34,21.25,21.39,22.78,26.14,26.49,26.53,28.25,44.73,22.07,18.82,12.45
2040,NOV,18.9,17.52,19.38,16.28,24.62,22.13,24.38,21.46,8.43,52.63,39.66,54.53
2040,DEC,13.54,13.91,15.93,11.75,18.6,19.34,21.85,16.14,31.36,12.63,6.54,70.66
2041,JAN,14.1,12.96,14.01,10.78,18.79,18.89,19.39,15.74,64.18,12.14,23.24,35.73
2041,FEB,15.77,14.84,16.16,12.14,21.7,20.41,21.72,17.21,6.6,27.1,23.28,33.4
2041,MAR,15.83,18.29,13.11,15.37,21.74,24.85,18.14,21,25.01,9.3,57.05,9.07
2041,APR,22.66,20.5,15.91,18.35,28.65,27.05,21.32,24.65,31.69,4.56,38.54,11.07
2041,MAY,20.61,22.8,24.09,21.38,26.02,28.96,30.28,27.52,37,8.63,11.51,10.2
2041,JUN,25.88,22.53,27.08,25.68,32.09,28.18,33.86,32.19,5.05,28.09,2.1,4.71
2041,JUL,28.19,29.87,28.56,29.04,34.84,36.71,35.32,36.15,0.9,1.34,1.51,1.61
2041,AUG,30.56,29.69,28.26,28.62,37.1,36.51,34.94,35.12,2.47,1.21,1.38,2.02
2041,SEP,27.03,26.54,26.37,26.49,33.11,32.13,32.67,32.45,5.98,27.25,3.34,4.82
2041,OCT,23.39,20.49,21.92,22.52,29.37,25.37,27.17,28.26,6.45,38.24,31.31,21.79
2041,NOV,17.29,15.41,16.76,18.25,22.21,20.39,22,24.18,32,21.09,24.71,1.37
2041,DEC,12.59,13.03,12,11.21,17.94,18.37,16.65,15.38,5.31,26.49,69.5,65.89
2042,JAN,9.9,13.69,11.29,11.22,14.77,19.96,15.96,16.63,28.47,4.05,54.8,13.83
2042,FEB,12.37,13.01,13.44,12.11,18.3,18.18,18.5,17.35,3.85,39.52,39.45,39.87
2042,MAR,16.7,16.63,18.41,13.75,22.85,22.27,23.9,19.04,17.4,42.43,34.17,35.87
2042,APR,18.83,17.81,19.53,17.37,24.76,23.77,25.58,23.24,29.4,24.33,26.41,35.02
2042,MAY,18.23,24.8,23.05,20.82,23.72,31.42,29.26,26.61,33.8,3.98,14.19,33.26
2042,JUN,24.42,25.06,26.83,23.97,30.91,31.08,33.19,29.96,4.33,12.48,12.19,13.31
2042,JUL,30.23,29.09,29.1,29.28,36.99,36.17,35.4,36.06,2.32,0.71,2.52,0.89
2042,AUG,28.9,28.76,28.58,27.52,35.33,35.4,34.94,33.92,3.1,1.43,2.1,3.47
2042,SEP,25.18,26.35,26.7,24.59,31.01,32.31,32.57,30.63,11.44,15.12,13.02,10.74
2042,OCT,20.35,22.66,21.38,20.29,25.22,28.09,26,25.55,46.18,28.1,67.37,25.52
2042,NOV,14.9,15.28,17.43,15.7,20.19,20.47,22.78,20.74,15.57,19.95,22.1,32.81
2042,DEC,13.28,14.8,13.23,13.8,18.6,19.82,18.41,19.49,18.97,63.85,12.74,8.85
2043,JAN,12.53,13.41,13.12,11.97,18.16,18.43,18.44,17.79,22.2,50.41,24.13,10.11
2043,FEB,15.16,14.81,14.56,13.1,21.65,20.13,20.62,18.77,6.03,17.13,11.66,28.79
2043,MAR,15.81,16.46,19.29,17.6,21.65,22.39,25.23,23.6,28.94,13.86,31.07,18.29
2043,APR,17.67,19.97,18.52,16.85,23.43,26.29,24.26,22.53,22.72,8.95,31,25.43
2043,MAY,20.93,23.35,22.64,21.31,27.08,29.39,28.49,27.23,13.62,33.43,28.39,29.91
2043,JUN,27.79,26.03,24.42,26.13,34.48,32.31,30.07,31.8,9.59,13.57,12.31,14.47
2043,JUL,29.27,30.04,30.73,29.74,35.78,36.56,37.45,36.34,2.32,2.51,0.87,3.1
2043,AUG,29.29,30.17,30.59,30.11,35.76,36.98,37.2,36.66,10.09,1.34,1.8,2.79
2043,SEP,27.42,27.54,27.83,27.33,33.28,33.83,33.89,33.01,15.02,5.54,8.37,12.58
2043,OCT,21.48,23.76,22.9,22.37,26.26,29.88,27.66,27.68,52.24,3.26,68.59,18.05
2043,NOV,17.43,17.41,16.07,17.33,22.32,23.07,21.18,22.52,39.24,12.24,11.55,41.82
2043,DEC,15.04,12.57,12.02,13.57,20.62,17.37,16.52,19.28,16.51,39.11,28.47,10.17
2044,JAN,10.85,13.28,11.99,11.14,15.48,18.35,17.51,16.35,45.45,67.97,32.2,29.56
2044,FEB,14.61,13.73,13.93,11.26,19.48,19.31,19.33,15.76,45.15,35.08,36.15,72.19
2044,MAR,15.39,14.4,16.46,14.37,20.31,19.63,22.5,19.27,71.25,41.71,20.26,76.16
2044,APR,18.92,18.52,18.96,17.73,25.16,24.3,24.82,23.28,9.74,32.02,19.77,29.98
2044,MAY,20.9,20.65,22.16,22.93,26.99,26.43,28.47,29.27,10.5,29.02,9.3,8.96
2044,JUN,26.39,23.89,24.45,26.62,32.87,29.74,30.57,33.08,9.43,12.72,7.15,9.01
2044,JUL,31.17,28.44,30.2,29.72,37.98,35.33,37.14,36.42,1.99,0.58,1.22,1.29
2044,AUG,30.79,29.39,30.22,28.44,37.25,36.36,36.97,35.31,2.94,2.52,1.75,1.09
2044,SEP,26.11,26.13,25.54,26.65,32.42,31.96,31.29,32.66,2.34,16.31,12.7,7.97
2044,OCT,20.16,22.37,22.12,21.18,25.2,27.44,26.82,25.78,20.58,30.23,47.99,103.87
2044,NOV,14.87,16.48,18.78,14.55,20.18,21.38,24.09,18.91,15.94,41.86,24.77,41.54
2044,DEC,11.94,13.51,14.59,12.16,17.05,18.73,19.79,17.23,15.91,7.88,22.73,17.26
2045,JAN,12.28,12.34,12.02,10.2,17.63,17.94,16.59,15.3,30.1,5.63,36.69,23.3
2045,FEB,12.79,12.05,14.89,13.61,18.56,16.69,20.43,18.96,3.37,84.76,20.81,29.79
2045,MAR,14.81,17.37,17.72,14.05,20.43,23.35,23.79,19.51,39.21,24.91,33.56,27.65
2045,APR,18.67,16.9,18.59,16.92,24.56,21.79,24.69,22.7,14.63,78.09,13.97,29.97
2045,MAY,24.33,23.59,23.46,21.66,30.82,29.65,29.56,27.84,8.1,14.55,11.09,9.67
2045,JUN,27.19,24.25,27.31,26.27,33.81,30.33,33.6,32.77,4.91,7.81,11.6,4.97
2045,JUL,30.19,29.86,29.84,30.17,37.13,36.84,36.44,36.83,1.01,1.09,3.2,2.06
2045,AUG,29.45,30.18,30.37,29.83,35.5,36.78,37.2,36.36,7.33,3.06,1.58,2.29
2045,SEP,25.3,26.1,27.08,25.96,30.88,32.14,33.1,31.68,13.09,12.65,9.57,21.2
2045,OCT,23.03,23.39,21.47,22.55,27.88,29.2,26.29,28.37,78.84,20.22,43.55,20.14
2045,NOV,16.13,16.36,15.68,17.5,21.14,21.33,20.62,22.93,36.89,29.34,28.18,28.98
2045,DEC,11.91,13.02,12.29,14,16.29,18.13,17.79,18.43,30.82,35.92,7.12,66.39
2046,JAN,11.46,13.09,11.43,11.59,17.24,18.31,16.62,15.85,2.5,42.96,22.56,91.61
2046,FEB,15.01,13.04,13.55,12.18,20.85,18.58,19.32,17.58,14.68,27.1,15.48,6.69
2046,MAR,16.78,16.18,14.69,17.73,21.42,21.77,20.26,23.82,86.44,36.96,23.48,8.45
2046,APR,16.08,16.17,17,16.71,20.81,21.62,22.85,21.75,79.94,30.46,34.04,71.11
2046,MAY,21.94,21.37,21.94,19.4,28.01,27.23,27.72,24.75,13.7,23.8,27.05,29.1
2046,JUN,25.72,27.2,26.36,25.47,31.94,33.57,32.5,31.77,3.98,11.16,21.92,7.97
2046,JUL,29.38,30.47,30.83,29.6,36.63,37.03,37.24,36.38,0.44,2.46,3.37,1.1
2046,AUG,30.11,29.87,29.48,29.88,36.77,36.54,36.04,36.41,1.42,1.59,3.32,2.25
2046,SEP,25.63,27.33,25.5,25.78,31.15,33.51,30.92,31.37,24.76,8.3,16.06,23.26
2046,OCT,21.41,20.69,21.67,24.03,26.17,25.58,26.64,29.42,74.97,47.21,48.4,25.34
2046,NOV,15.82,14.52,17.09,16.92,20.98,19,22.44,22.08,7.52,62.85,14.82,27.4
2046,DEC,13.85,11.14,12.98,13.82,19.18,15.72,18.29,19.82,33.16,54.34,18.1,1.3
2047,JAN,11.9,10.81,13.82,12.82,16.67,15.5,18.49,18.8,46.68,33.79,80.42,15.96
2047,FEB,11.78,13.91,14.35,13.99,17.16,19.71,19.95,19.02,14.53,8.6,15.78,28.29
2047,MAR,15.96,17.83,17.51,15.57,22.03,23.14,23.52,20.16,3.78,46.65,10.49,101.48
2047,APR,19.16,18.1,21.49,21.13,25.33,23.41,27.53,27.71,14.89,58.69,22.32,9.2
2047,MAY,22.79,22.49,20.8,21.8,29.2,28.55,26.37,27.83,5.41,9.94,39.53,17.55
2047,JUN,28.09,25.54,26.09,23.61,34.8,31.85,32.02,29.87,5.86,4.13,8.05,4.96
2047,JUL,28.65,29.51,30.5,30.05,35.04,36.13,37.05,37.05,1.93,2.54,3.15,1.61
2047,AUG,30.09,30.26,30.59,28.95,36.61,37.06,37.38,35.51,4.08,1.23,2.21,2.92
2047,SEP,25.86,27.36,27.69,25.6,31.99,33.14,33.72,31,4.72,14.94,4.24,30.6
2047,OCT,21.31,24.24,20.73,21.59,26.55,29.73,26.08,26.42,27.76,34.25,15,50.78
2047,NOV,16.91,15.15,16.96,19.27,22.28,19.7,22.85,25.29,12.18,49.2,3.59,2.55
2047,DEC,13.18,11.29,13.01,12.49,18.08,16.24,18.83,18.04,39.57,13.97,12.56,10.08
2048,JAN,13.08,12.03,11.24,12.41,18.58,17.97,16.29,17.84,12.87,2.71,24.07,25.83
2048,FEB,14.09,13.46,11.65,13,19.58,19.23,16.4,18.03,33.66,43.63,60.5,36.07
2048,MAR,16.24,13.73,14.19,16.41,21.48,19,18.87,21.59,35.49,40.35,118.92,52.55
2048,APR,20.29,17.23,19.32,18.96,25.96,22.83,25.1,24.62,32.76,30.67,21.25,34.85
2048,MAY,26.03,19.74,22.68,25.43,32.59,25.16,28.95,31.76,14.57,36.9,10.45,14.06
2048,JUN,28.71,26.54,26.14,27.77,35.09,32.77,31.83,34.05,5.62,15.64,31.38,5.27
2048,JUL,29.27,28.43,29.67,30.92,36.17,35.35,36.24,37.75,0.52,0.42,4.18,1.63
2048,AUG,29.74,29.48,29.79,30.62,36.24,36.09,36.11,37.07,2.55,2.38,3.45,4.13
2048,SEP,26.02,26.96,24.79,28.48,32.04,32.87,30.44,34.62,10.58,13.21,25.86,9.03
2048,OCT,20.64,22.49,21.02,23.39,26.39,28.3,26.21,28.36,9.92,7.84,22.18,33.01
2048,NOV,18.37,16.25,17.29,16,23.94,21.4,22.58,20.25,19.72,35.64,37.85,70.72
2048,DEC,12.24,12.64,13.54,12.8,16.59,17.91,19.02,18.27,50.47,9.99,21.72,21.71
2049,JAN,11.44,11.65,11.42,11.8,15.96,17.42,16.64,17.14,61.01,10.96,21.98,21.16
2049,FEB,13.31,13.98,13.33,15.07,18.13,19.57,19.09,20.5,87.03,36.43,18.51,44.64
2049,MAR,16.61,18.84,17.7,16.46,22.36,24.71,23.89,21.8,21.38,38.71,15.64,33.67
2049,APR,17.55,20.57,20.2,19.74,22.91,26.01,26.51,25.16,48.52,42.42,11.18,43.99
2049,MAY,21.61,22.44,21.02,22.48,27.74,28.14,26.94,28.58,11.18,18.94,14.66,8.56
2049,JUN,26.87,27.83,26.23,28.43,33.39,34.17,32.61,34.62,3.54,15.27,5.91,12.99
2049,JUL,30.14,30.25,30.71,30.65,37.06,36.84,37.68,37.5,1.15,2.73,1.73,1.23
2049,AUG,30.33,30.69,28.59,30.26,37.05,37.14,35.21,36.94,2.34,2.96,2.12,2.11
2049,SEP,25.7,26.79,26.45,26.03,31.17,32.65,32.29,32.03,16.74,8.81,9.02,6.18
2049,OCT,20.98,24.33,22.04,23.59,25.75,30.02,27.81,29.44,54.33,14.62,24.39,16.1
2049,NOV,17.51,18.96,18.29,16.14,22.3,24.58,23.51,21.45,32.04,15.4,23.35,27.44
2049,DEC,13.37,13.43,12.4,12.77,18.08,18.61,17.79,17.8,64.18,16.88,4.87,15.46
2050,JAN,12.59,12.76,10.6,12.75,17.79,18.1,16.43,18.2,16.97,42.39,3.97,35.83
2050,FEB,15.31,13.14,12.36,15.34,20.9,18.47,17.64,21.65,23.39,14.46,32.72,5.52
2050,MAR,17.36,15.23,14.92,17.67,22.68,21.07,20.96,24.39,71.44,25.49,23.6,6.32
2050,APR,16,18.29,19.64,16.05,21.18,24.38,25.66,21.51,50.96,16.34,23.03,45.45
2050,MAY,21.07,21.48,20.44,22.58,26.82,27.63,26.3,28.83,12.74,11.84,21.74,16.68
2050,JUN,25.78,24.84,26.12,25.38,32.1,30.95,32.77,31.41,2.96,7.22,4.69,20.53
2050,JUL,29.97,30.01,29.63,28.54,36.69,37.16,36.71,35.44,0.92,0.9,0.72,0.59
2050,AUG,29.97,29.72,29.85,29.84,37,36.64,36.71,36.51,0.67,2.54,1.97,2.01
2050,SEP,27.33,25.93,26.2,26.47,33.79,31.27,32.2,32.61,3.23,34.5,14.86,6.58
2050,OCT,21.25,22.74,23.45,21.17,26.45,27.75,28.84,26.85,53.75,26.61,20.42,14.26
2050,NOV,17.7,14.74,17.16,15.65,23.07,19.18,21.88,20.32,15.31,50.61,67.02,48.22
2050,DEC,12.6,14.01,13.98,12.75,17.39,19.43,19.61,18.27,76.53,20.74,14.85,19.78
2051,JAN,13.32,12.95,12.44,13.89,18.7,18.43,17.11,19.66,54.04,17.64,48.87,20.13
2051,FEB,14.47,15.51,15.1,14.01,19.3,20.7,20.51,19.61,41.49,64.33,58.03,27.97
2051,MAR,16.45,18.6,15.6,16.64,22.25,24.33,21.32,22.1,15.38,9.86,18.88,41.17
2051,APR,18.92,19.62,21.18,19.15,24.65,24.86,27.58,25.01,26.25,62.11,8.89,15.12
2051,MAY,23.56,20.45,22.43,23.92,29.88,26.23,28.66,29.24,16.36,15.8,21.33,42.86
2051,JUN,27.71,25.21,25.68,24,34.16,31.28,31.97,29.86,11.22,8.89,14.09,10.47
2051,JUL,29.32,31.06,31.72,30.06,36.31,38.06,38.91,36.85,1.74,1.39,0.55,1.91
2051,AUG,30.18,30.26,29.04,29.78,36.82,36.65,35.67,36.64,1.69,2.06,0.57,1.12
2051,SEP,26.7,27.1,26.61,25.99,32.82,33.05,32.52,31.75,14.12,8.35,11.59,34.37
2051,OCT,23.08,23.97,22.86,21.14,28.79,29.27,28.74,25.66,10.22,45.52,9.78,50.78
2051,NOV,16.4,15.71,17.83,15.46,22.01,20.57,23.26,20.19,5.11,16.99,34.98,28.09
2051,DEC,13.29,12.15,12.47,14.39,19.34,16.73,17.35,19.06,3.19,69.36,39.56,70.17
2052,JAN,10.84,12.02,12.76,14.26,16.13,17.18,18.28,19.81,19.43,31.63,41.94,9.82
2052,FEB,12.15,12.8,13.02,13.08,16.82,17.84,18.79,18.6,50.91,9.14,19.2,20.35
2052,MAR,16.18,14.37,16.63,16.96,22.44,19.74,22.47,21.81,15.1,34.85,7.52,75.41
2052,APR,19.42,17.91,19.82,17.52,25.68,23.64,26.01,22.79,8.22,38.41,25.01,44.07
2052,MAY,23.07,21.36,20.27,21.7,29.61,27.45,25.86,27.61,8.05,7.87,22.49,9.98
2052,JUN,26.17,27.17,26.45,25.2,32.67,33.99,32.7,31.34,3.6,6.5,9.78,9.6
2052,JUL,31.24,30.82,30.97,30.04,38.31,37.57,37.79,36.72,1.97,2.59,1.48,2.13
2052,AUG,29.38,29.96,30.24,30.19,35.92,36.52,36.83,36.57,1.79,1.27,1.81,6.92
2052,SEP,25.67,26.15,27.18,27.08,31.88,31.79,33.15,32.43,10.84,17.62,12.43,18.81
2052,OCT,22.04,23.4,20.84,22.11,27.55,29.6,25.95,27.09,13.74,2.33,26.91,39
2052,NOV,18.57,17.69,15.56,16.09,24.07,23.11,20.51,20.99,16.47,11.96,53.25,51.28
2052,DEC,15.1,13.5,12.97,14.65,20.06,18.9,18.01,19.93,50.18,34.62,44.49,7.95
2053,JAN,13.26,12.55,10.81,13.99,18.21,17.44,15.98,19.04,55.74,29.49,25.95,96.64
2053,FEB,13.88,16.51,14.39,14.73,18.91,22.98,19.76,19.84,61.67,14.44,24.5,50.86
2053,MAR,16.95,17.41,17.83,17.45,21.96,23.5,23.17,23.12,74.07,16.5,51.68,25.6
2053,APR,18.62,20.58,19.98,19.51,24.07,27.01,26.2,25.19,45.74,4.42,28.23,36.28
2053,MAY,22.06,22.13,23.42,19.8,27.6,28.28,29.31,25.33,37.65,16.11,22.4,16.88
2053,JUN,25.9,25.88,25.81,23.42,31.53,32.17,31.84,29.09,14.29,5.38,12.51,17.15
2053,JUL,30.68,30.66,30.45,30.2,37.31,37.46,37.36,37.11,1.78,2.19,0.81,1.1
2053,AUG,31.56,30.88,31.06,30.23,38.06,37.71,37.44,36.89,3.1,0.75,2.84,2.15
2053,SEP,28,27.29,27.68,26.65,33.56,33.53,33.85,32.31,31.58,9.7,7.76,17.57
2053,OCT,22.18,23.01,22.07,22.35,26.83,28.07,27.96,27.97,64.14,41.03,4.42,18.69
2053,NOV,18.31,18.14,17.08,17.72,23.23,23.29,22.25,22.87,29.92,10.16,39.4,25.01
2053,DEC,15.03,12.77,14.77,12.86,19.73,17.74,20.88,17.1,53.5,10.14,10.08,83.49
2054,JAN,13.97,13.03,12.4,14.46,18.85,19.21,17.77,19.67,72.22,24.98,41.95,42.99
2054,FEB,16.9,13.35,15.59,15.12,22.12,18.74,21.19,21,68.75,24.87,38.21,4.88
2054,MAR,20.77,15.59,17.61,19.63,27.09,20.99,23.23,25.32,5.66,22.57,18.43,43.29
2054,APR,19.49,21.25,19.02,19.01,24.97,28.11,24.95,24.61,17.99,3.62,21.82,34.6
2054,MAY,25.03,23.77,21.48,20.19,31.41,30.21,27.43,25.66,17.86,10.68,16.33,35.01
2054,JUN,28.7,23.47,26.15,26.17,34.87,29.38,32.87,32.07,15.42,7.11,4.92,11.37
2054,JUL,31.26,30.86,30.45,29.51,37.82,37.9,37.51,35.65,2.45,0.98,1.33,3.97
2054,AUG,31.83,29.84,29.88,30.91,38.09,36.15,36.18,37.32,3.17,2.74,7.11,4.22
2054,SEP,28.65,26.79,27.22,27.3,34.7,32.75,33.21,33.38,8.2,10.18,14.15,4.57
2054,OCT,23.04,23.02,23.68,20.5,28.41,28.32,28.99,24.96,18.74,29.01,27.96,77.21
2054,NOV,17.13,16.43,17.79,15.1,22.13,22.42,23.81,19.73,32.27,0.76,3.59,39.14
2054,DEC,11.89,12.47,14.23,12.41,16.75,17.86,19.27,17.71,43.41,23.3,46.77,22.37
2055,JAN,10.76,11.11,13.86,10.04,15.87,16.39,18.54,14.98,33.25,45.21,102.87,11.7
2055,FEB,12.03,13.97,15.17,12.93,16.61,19.91,20.58,18.43,22.98,5.49,38.09,5.35
2055,MAR,15.58,15.47,14.05,18.62,20.97,20.99,18.95,25.21,36.71,49.87,76.52,7.37
2055,APR,18.01,15.85,20.64,16.61,23.53,21.57,26.81,21.67,45.61,28.16,12.86,79.93
2055,MAY,22.49,19.3,22.33,23.08,28.3,25.26,28.38,28.91,24.66,12.9,12.88,21.24
2055,JUN,25.25,26.36,25.36,25.36,31.09,32.8,31.69,31.74,16.4,11.15,3.89,3.67
2055,JUL,30.84,30.54,29.36,29.92,37.81,37.14,35.76,36.8,0.93,4.03,1.95,0.94
2055,AUG,30.3,31.01,30.42,30.12,36.72,37.52,36.69,36.89,3.25,2.83,4.52,1.4
2055,SEP,26.29,27.79,27.53,27.19,32.59,33.56,33.13,33.47,5.63,19.72,32.19,6.44
2055,OCT,22.24,23.38,21.8,22.39,27.38,28.44,26.77,27.56,26.44,23.89,53.85,69.18
2055,NOV,17.36,17.5,16.43,17.59,22.8,22.66,21.9,22.5,11.46,34.11,10.06,52.12
2055,DEC,13.96,12.86,13.65,13.3,19.73,17.95,19.55,18.91,7.08,13.39,2.56,6.56
2056,JAN,13.96,11.55,12.18,10.96,19.91,16.8,17.77,16.36,20.73,30.1,11.94,33.48
2056,FEB,12.27,13.29,13.52,16.45,17.61,18.84,18.41,23.01,27.14,20.34,89.97,4.63
2056,MAR,16.5,18.03,18.05,18.35,22.37,23.91,23.56,23.68,18.62,16.25,21.65,47.39
2056,APR,21.41,18.92,19.42,16.93,28.07,24.49,25.46,22.37,2.97,34.47,25.36,46.84
2056,MAY,24.21,22.56,24.65,22.61,30.58,28.41,30.32,28.21,3.52,12.41,31.02,42.47
2056,JUN,28.57,28.24,26.87,25.37,35.44,34.83,32.98,31.3,4.17,6.84,9.28,13.12
2056,JUL,30.36,29.4,30.11,29.64,36.89,36.1,36.92,36.01,3.38,1.56,1.57,2.16
2056,AUG,30.59,30.27,30.25,31,37.46,37.09,37.22,37.28,2.1,1.09,1.26,5.87
2056,SEP,27.61,26.98,27.16,26.72,33.8,32.96,33.26,32.36,6.08,3.07,6.18,23
2056,OCT,24.28,21.49,20.41,22.22,29.29,26.93,25.78,27.82,42.7,17.62,10.9,20.83
2056,NOV,18,18.58,15.5,16.63,23.26,24.04,20.84,21.72,29.54,23.16,27.54,39.76
2056,DEC,12.74,14.79,14.12,10.86,17.87,19.78,19.93,15.42,12.29,46.18,5.27,43.49
2057,JAN,13.5,11.52,13.22,10.48,19.96,16.79,19.21,15.37,1.44,20.36,3.84,8.2
2057,FEB,14.55,12.49,13.65,13.46,20.65,17.92,19.1,18.74,24.9,22.05,21.92,25.98
2057,MAR,17.18,15.63,14.43,14.08,22.85,21.75,19.75,19.65,48.74,41.43,29.15,29.72
2057,APR,19.81,19.64,19.04,18.96,25.85,25.91,25.45,25.04,16.69,5.17,5.74,14.53
2057,MAY,23.28,20.58,20.96,23.58,29.16,26.47,26.97,29.32,16.61,12.57,19.34,30.86
2057,JUN,25.63,25.96,25.94,25.75,31.78,32.4,32.53,31.88,4.95,2.52,2,8.69
2057,JUL,30.2,30.04,30.38,29.1,37.17,37.13,37.04,35.74,0.75,0.74,2.51,3.74
2057,AUG,30.48,30.01,31.11,29.53,37.49,36.63,37.58,36.1,1.29,3.02,2.33,1.75
2057,SEP,28.3,27.4,27.28,25.46,34.62,33.78,33.6,30.88,10.22,4.12,8.17,24.56
2057,OCT,23.09,21.86,21.72,22.34,28.48,27.13,26.92,28.25,21.91,35.84,21.7,9.23
2057,NOV,17.76,16.22,16.92,20.23,22.96,20.79,22.26,25.82,45.12,59.96,16.7,18.94
2057,DEC,12.26,12.41,13.65,13.31,17.07,17.52,18.06,18.77,19.16,30.08,64.88,8.41
2058,JAN,12.09,10.18,12.8,12.72,17.27,14.82,18.12,17.63,17.91,36.05,25.49,66.61
2058,FEB,12.36,11.64,13.53,16.94,17.29,16.18,18.86,23.28,34.8,44.41,29.19,4.35
2058,MAR,15.7,14.01,15.96,18.72,20.77,19.32,21.61,25.21,92.36,35.05,17.21,11.66
2058,APR,16.44,18.06,17.46,17.93,21.49,23.77,23.11,23.7,52.64,35.12,23.05,40.53
2058,MAY,20.87,21.67,22.76,24.63,26.66,27.64,28.9,30.6,22.43,24.21,10.25,40.74
2058,JUN,29.02,27.32,25.95,25.74,35.64,33.87,31.94,31.8,5.98,4.09,16.85,10.11
2058,JUL,30.41,27.72,30.71,29.09,36.91,34.77,37.54,35.89,3,0.13,1.8,0.63
2058,AUG,31.96,30.52,30.06,29.33,38.68,37.51,36.55,36.14,2.15,1.68,3.87,1.36
2058,SEP,28.03,26.76,26.75,26.53,33.89,32.81,32.38,32.99,20.82,6.95,18.53,2.6
2058,OCT,23.44,24.34,21.57,20,28.65,29.84,26.32,24.84,26.33,22.04,64.91,44.16
2058,NOV,17.36,17.62,16.28,17.15,22.9,23.25,20.77,22.19,9.78,8.33,65.01,29.93
2058,DEC,14.56,14.18,14.27,13.42,19.64,19.62,19.33,18.46,25.08,66.12,30.26,21.6
2059,JAN,14.31,14.28,13.42,10.86,19.27,19.95,18.52,15.7,105.15,40.1,44.54,67.18
2059,FEB,15.35,17.37,15.38,12.19,20.44,23.14,20.52,16.98,61.96,20.44,40.59,49.85
2059,MAR,20.41,14.96,15.1,14.83,26.99,20.36,19.64,20.1,5.18,34.77,94.1,52.05
2059,APR,18.56,16.79,18.08,17.77,24.28,22.41,23.31,23.65,20.73,27.42,52.66,22.87
2059,MAY,20.27,20.73,24.16,20.8,25.69,26.75,30.25,26.72,27.75,14.54,8.26,23.81
2059,JUN,27.79,27.42,26.59,28.02,34.65,33.8,32.8,34.68,2.2,6.13,11.49,6.63
2059,JUL,31.59,28.95,30.49,29.9,38.64,35.43,37.07,36.36,0.93,2.5,2.55,1.97
2059,AUG,31.36,29.9,30.45,28.71,37.75,36.85,37.36,35.27,3.76,0.97,0.77,3.98
2059,SEP,27.04,28.06,26.43,27.26,32.67,34.33,32.63,33.7,28.83,8.57,2.36,5.19
2059,OCT,23.01,24.48,22.97,22.91,27.87,29.78,28.3,28.37,29.34,27.94,51.31,38.7
2059,NOV,20.27,17.74,15.65,15.35,25.49,23.22,20.55,20.63,29.07,30.31,14.62,10.32
2059,DEC,13.96,14.2,12.45,11.51,19.17,20.14,17.25,16.93,3.89,2.78,25.15,9.99
2060,JAN,11.88,14.81,11.66,12.16,17.13,20.83,16.85,17.88,25.36,4.04,20.68,24.35
2060,FEB,14.99,13.78,13.38,14.75,19.9,18.81,18.46,20.4,76.13,46.61,19.95,32.65
2060,MAR,21.64,16.92,15.24,14.18,28.24,22.63,20.96,19.09,8.01,19.41,14.37,86.01
2060,APR,19.25,18.73,18.11,15.41,24.96,24.23,23.8,20.73,31.68,28.65,18.2,55.44
2060,MAY,20.98,22.09,19.26,22.53,26.53,28.09,25.24,28.52,31.48,22.69,11.19,37.84
2060,JUN,26.67,25.37,27.29,25.29,32.83,31.4,34.12,31.12,4.32,16.09,2.77,23.29
2060,JUL,31.31,31.25,28.41,29.79,38.26,37.98,35.09,36.61,1.04,2.38,1.03,1.07
2060,AUG,31.84,31.17,29.42,29.65,38.6,37.84,36.19,36.16,1.63,3.79,2.61,2.58
2060,SEP,27.22,26.35,25.67,25.58,32.46,31.87,31.73,31.42,60.19,11.51,6.35,12.3
2060,OCT,22.15,22.64,21.25,23.43,26.12,27.79,26.89,29.33,97.84,60.97,17.81,5.08
2060,NOV,19.16,18.39,16.7,18.11,24.69,23.77,22.19,24.17,3.92,5.67,17,8.45
2060,DEC,14.69,13.28,14.65,13.87,19.74,18.12,19.95,18.99,37.78,40.98,48.89,36
2061,JAN,12.88,12.89,11.2,10.77,18.45,19.03,15.63,15.63,17.41,13.41,74.71,45.84
2061,FEB,16.46,14.01,14.75,11.95,22.45,18.34,19.33,17.2,4.53,95.98,97.49,9.01
2061,MAR,20.34,16.37,14.6,16.7,26.63,21.14,19.79,22.37,7.25,95.57,35.9,18.35
2061,APR,20.53,19.81,19.9,18.92,26.81,25.54,26.01,24.82,10.29,19.36,19.18,19.41
2061,MAY,23.4,21.71,21.61,24.39,29.2,27.29,26.97,30.56,21.5,38.99,25.65,26.92
2061,JUN,26.17,27.83,24.27,26.94,32.68,34.21,30.51,33.01,1.62,5.84,3.92,20.84
2061,JUL,30.66,30.49,30.03,30.94,37.64,37.08,36.65,37.66,0.83,2.37,1.47,2.23
2061,AUG,33.38,31.29,30.56,30.78,39.93,37.81,37.24,37.32,3.17,1.8,1.25,2.17
2061,SEP,28.37,27.19,27.94,26.38,34.07,33.14,33.94,31.85,16.27,10.52,16.38,25.6
2061,OCT,23,24.11,21.75,21.33,28.1,29.75,26.52,26.69,44.34,8.85,60.24,33.76
2061,NOV,15.78,17.63,17,17.96,20.73,22.64,21.91,23.28,31.04,29.73,36.44,10.58
2061,DEC,13.9,12.14,13.62,12.12,18.1,16.69,19.04,17.87,82.46,41.13,14.04,3.9
2062,JAN,13.63,13.98,14.76,12.35,18.2,18.99,20.75,18.17,92.94,60.67,8.15,12.6
2062,FEB,14.43,17.92,18.09,12.67,19.61,23.05,23.57,17.85,13.32,68.44,30.25,23.72
2062,MAR,17.95,19.51,19.53,17,23.44,25.89,25.13,23.48,35.41,17.21,30.43,1.63
2062,APR,17.96,18.91,21.96,21.95,23.45,24.91,28.18,28.74,40.75,27.46,13.32,2.86
2062,MAY,23.75,21.85,23.64,21.18,29.78,27.48,29.89,26.96,16.89,37.66,4.29,29.17
2062,JUN,28.74,25.38,29.52,24.95,35.29,31.47,36.27,31.38,3.05,14.17,5.07,5.93
2062,JUL,31.74,31.7,32.17,30.35,38.65,38.42,39.16,37.22,1.97,4.22,0.79,1.34
2062,AUG,31.1,31.13,29.62,30.05,37.79,37.84,36.61,36.72,1.94,2.64,0.55,3.32
2062,SEP,29.08,26.71,27.69,27.2,35.38,32.63,34.05,33.1,3.58,7.36,3.18,13.71
2062,OCT,24.8,22.44,23.07,22.32,30.28,27.71,28.51,27.19,20.15,35.42,17.42,39.35
2062,NOV,18.74,16.05,16.91,16.86,24.11,21.04,21.58,21.74,15.6,22.68,32.25,56.24
2062,DEC,15.06,15.25,14.17,14.58,20.24,20.82,19.29,19.75,17.91,15.44,27.24,34.65
2063,JAN,11.72,13.07,12.75,11.47,17.05,18.79,18.89,16.38,32.08,18.95,4.96,47.82
2063,FEB,16.32,14.24,16.83,13.68,22.29,19.51,23.49,17.74,1.98,45.83,14.2,129.07
2063,MAR,17.48,16.47,15.32,15.39,23.56,22.63,20.81,20.38,3.02,8.84,43.4,42.23
2063,APR,19.66,19.78,16.54,20.3,25.87,26.21,22.28,26.19,19.41,9.72,31.29,20.95
2063,MAY,24.36,19.91,21.73,23.28,30.68,25.03,27.49,29.56,19.7,80.52,24.39,9.53
2063,JUN,30.19,24.33,27.5,24.7,36.89,30.23,34.26,30.33,10.27,15.9,5.71,25.28
2063,JUL,30.98,30.09,31.32,29.49,37.84,36.85,38.55,36.21,1.2,1.57,0.41,1.32
2063,AUG,31.89,32,30.1,30.5,38.33,38.62,36.94,37.12,2.47,8.26,1.07,2.44
2063,SEP,27.1,28.34,26.56,27.34,32.32,34.23,32.44,33.77,32.66,15.56,18.49,2.95
2063,OCT,21.84,24.27,22.09,23.24,26.04,29.59,27.08,28.26,58.81,23,38.01,49.08
2063,NOV,18.9,17.86,16.3,15.72,23.95,23.21,21.71,19.95,20.03,11.7,14.27,91.8
2063,DEC,13.26,15.99,12.32,12.68,18.4,21.48,17.36,17.01,22.13,17.23,23.07,45.56
2064,JAN,13.86,14.31,12.7,14.04,18.52,19.96,17.5,19.55,52.24,17.77,73.93,38.71
2064,FEB,15.28,15.54,12.74,13.89,20.47,20.36,17.48,18.67,30.75,81.35,54.23,71.18
2064,MAR,21.11,17.56,16.04,18.18,27.43,23.29,21.08,23.88,18.04,27.16,37.21,10.15
2064,APR,22.75,20.65,20.66,19.65,28.12,26.82,26.96,25.31,47.76,27.66,7,25.2
2064,MAY,24.6,21.85,22.74,20.56,30.17,27.72,28.99,26.44,42.47,13.13,15.95,17.89
2064,JUN,28.52,26.56,28,26.86,34.71,32.97,34.56,32.99,13.56,8.22,13.37,11.47
2064,JUL,33.07,31.53,30.4,29.77,39.69,38.47,37.17,36.57,1.45,1.63,2,2.2
2064,AUG,32.77,32.39,30.85,29.89,39.59,38.72,37.58,36.3,1.39,11.3,4.74,2.38
2064,SEP,29.41,27.64,25.75,27.77,35.6,33.31,30.87,33.58,4.43,20.27,33.57,15.02
2064,OCT,24.24,23.76,22.7,23.15,28.89,29.39,27.39,28.36,58.72,25.23,45.36,59.18
2064,NOV,19.63,18.11,17.78,15.27,24.93,23.44,22.33,19.98,26.19,19.22,78.97,56.4
2064,DEC,14.91,14.64,15.45,12.61,20.76,20.37,20.77,17.71,7.31,14.37,18.36,37.79
2065,JAN,13.25,13.12,13.28,11.64,18.76,18.1,17.3,17.1,10.59,51.57,146.31,5
2065,FEB,15.14,15.66,15.84,15.06,20.77,21.2,21.33,20.44,14.01,35.39,17.85,31.79
2065,MAR,18.85,17.22,16.69,15.19,25.27,21.99,21.27,20.36,5.94,85.28,75.75,50.37
2065,APR,19.49,18.17,17.41,16.49,25.63,23.48,22.73,22.06,21.09,69.44,63.92,39.07
2065,MAY,28.59,21.05,23.78,21.05,35.42,26.68,29.62,26.75,12.43,22.15,32.2,15.9
2065,JUN,29.64,27.17,28.07,25.35,36.05,33.43,33.95,31.71,11.11,3.5,22.17,5.04
2065,JUL,31.58,30.03,31.91,28.82,38.72,36.52,38.32,35.8,0.7,1.42,1.53,0.48
2065,AUG,31.19,30.54,31.52,29.45,38.17,37.26,37.93,36.21,1.03,1.17,3.16,1.44
2065,SEP,28.31,27.5,28.14,26.56,34.46,33.54,33.93,32.61,10.62,3.86,13.54,8.82
2065,OCT,24,24.27,21.85,23.88,29.72,30.14,26.8,29.71,13.42,5.06,21.49,9.97
2065,NOV,17.92,19.77,15.98,16.32,23.1,25.82,21.12,21.3,15.19,0.45,30.08,43.61
2065,DEC,13.86,14.6,13.37,14.43,19.32,20.1,18.31,20.45,24.62,34.97,27.4,22.16
2066,JAN,13.7,10.98,12.04,13.1,20.02,16.15,17.8,18.7,0.98,15.58,8.5,24.93
2066,FEB,14.41,12.49,15.75,12.75,20.54,18.42,21.63,17.81,11.22,14.62,19.83,34.49
2066,MAR,18.93,16.42,17.8,14.38,25.51,22.5,23.65,19.19,1.45,12.76,14.09,68.98
2066,APR,21.89,21.09,21.11,16.88,28.04,27.6,27.16,21.95,12.68,10.97,23.77,60.3
2066,MAY,22.9,25.22,23.33,21.25,28.96,31.44,29.07,27.1,6.68,13.24,30.41,22.45
2066,JUN,28.1,27.36,26.32,25.78,34.55,34,32.36,32.25,1.62,5.26,11.91,6.44
2066,JUL,31.65,30.66,31.56,29.09,38.67,37.66,38.33,35.85,1.01,0.96,2.19,1.06
2066,AUG,30.68,31.65,30.91,30.29,37.68,38.43,37.58,36.91,0.93,1.98,1.54,1.64
2066,SEP,26.59,27.97,26.18,27.17,32.06,34.01,32.16,33.11,18.39,13.76,6.91,9.85
2066,OCT,24.43,23.05,23.39,23.08,30.45,27.98,28.6,28.57,9.65,62.57,27.4,33.21
2066,NOV,18.34,16.91,16.44,17.77,23.27,21.56,21.96,23.09,24.14,42.49,8.85,31.87
2066,DEC,15.21,13.63,12.9,12.7,20.81,19.08,17.95,17.94,5.03,11.82,43.49,14.94
2067,JAN,14.39,14.58,10.93,15.07,20.23,20.94,15.77,20.35,25.45,8.58,46.68,54.38
2067,FEB,17.09,15.5,13.92,14.69,22.12,21.11,19.07,19.35,71.99,37.35,25.1,64.46
2067,MAR,19.22,17.71,17.54,15.6,24.75,24.06,23.49,20.15,38.68,19.72,21.36,96.46
2067,APR,20.14,20.56,18.1,21.83,25.79,26.43,23.62,28.22,29.09,20.5,56.43,13.98
2067,MAY,23.9,25.43,22.05,22.61,30.06,31.79,28.17,28.64,8.98,10.53,9.65,14.79
2067,JUN,25,25.71,28.4,23.97,30.75,31.9,34.45,29.86,3.29,19.42,17.14,6.23
2067,JUL,31.21,31.41,31.29,30.21,38.36,38.41,37.89,37.16,0.35,1.75,2.35,1.65
2067,AUG,31.79,31.44,30.97,30.4,38.8,38.37,37.45,36.59,0.76,0.96,3.62,4
2067,SEP,28.08,27.42,28.2,25.44,33.68,33.34,34.2,30.59,16.25,5.83,13.6,28.1
2067,OCT,24.74,23.28,23.77,23.16,30.41,29.35,28.83,28.57,7.01,5.98,42.45,25.02
2067,NOV,19.55,18.43,18.68,19.54,25.04,24.38,24.34,25.17,24.63,5.54,13.59,11.48
2067,DEC,13.27,14.72,13.86,13.01,18.47,20.33,19.22,18.29,11.07,34.89,19.24,18.43
2068,JAN,10.76,13.92,11.81,11.54,15.84,19.58,16.7,16.2,52.14,23.52,21.17,37.22
2068,FEB,13.24,15.55,15.14,14.27,18.17,21.76,21.39,19.06,31.22,14.21,2.48,117.42
2068,MAR,15.47,19.38,14.98,15.01,20.99,25.39,19.42,19.37,22.61,31.27,109.82,141.86
2068,APR,21.36,20.94,18.09,17.25,27.98,27.11,23.85,23.07,3.29,10.13,21.16,28.11
2068,MAY,22.83,24.27,22.29,23.58,29.07,30.5,28.36,29.37,6.75,7.82,8.79,29.87
2068,JUN,29.58,29.08,28.39,24.74,36.4,35.8,35.14,30.54,7.31,6.88,3.29,7.82
2068,JUL,31.26,31.45,29.04,28.25,38.2,38.41,35.8,35.13,1.19,0.86,1.35,0.79
2068,AUG,31.16,30.22,30.86,29.98,38.24,36.87,37.5,36.39,0.81,1.31,3.31,2.92
2068,SEP,28.72,28.22,27.21,26.16,35.08,34.17,32.73,32.31,4.28,20.87,24.01,3.05
2068,OCT,23.57,23.09,20.64,21.31,29.02,28.03,25.16,25.81,12.93,33.04,58.66,60.11
2068,NOV,20.02,19.79,16.98,16.2,26.03,25.44,22.49,21.23,0.78,11.11,6.29,5.6
2068,DEC,13.22,15.89,14,12.19,18.85,21.62,19.76,17.22,14.77,15.3,12.14,14.14
2069,JAN,13.09,13.13,11.77,11.44,18.31,18.85,17.27,17.38,18.16,14.57,20.98,2.67
2069,FEB,13.63,15.74,15.46,14.6,19.27,21.19,21.68,20.29,29.79,45.72,6.17,19.31
2069,MAR,18.58,16.42,18.27,14.68,24.13,21.47,22.98,19.78,52.68,73.82,117.93,53.25
2069,APR,20.04,20.49,19.34,16.49,25.43,26.3,24.83,21.84,44.85,33.31,31.95,47.53
2069,MAY,25.04,24.22,20.61,23.27,31.17,30.43,26,29.56,14.58,8.38,32.38,12.91
2069,JUN,27.09,26.23,27.42,26.07,33.22,32.15,33.54,32.04,12.45,10.88,9.52,13.55
2069,JUL,31.72,31.81,30.45,29.4,38.79,38.57,36.72,36.41,0.51,2.32,3.04,1
2069,AUG,31.94,31.81,30.64,30.36,38.86,38.31,36.89,36.87,1.33,2.39,4.09,2.06
2069,SEP,28.72,27.12,28.36,26.3,34.8,33.08,34.37,32.48,9.39,5.49,12.3,5.11
2069,OCT,25.47,25.36,24.77,23.39,31.49,31.35,30.11,28.69,14.96,6.07,20.68,31.14
2069,NOV,18.1,16.78,17.61,18.14,23.03,21.76,22.63,23.77,28.91,45.39,18.49,4.04
2069,DEC,13.83,13.83,14.9,13.67,18.76,18.02,20.95,19.45,22.6,109.14,6.81,30.6
2070,JAN,14.38,14.44,10.27,12.77,19.81,20.61,15.53,18.47,17.14,4.68,7.28,6.45
2070,FEB,17.25,12.29,14.88,11.72,22.86,17.04,19.64,16.44,29.68,52.49,52.59,36.07
2070,MAR,19.02,15.93,17.64,18.16,24.57,21.84,23.13,24.52,29.55,12.65,36.22,8.81
2070,APR,18.77,19.47,18.81,16.81,24.52,25.6,24.67,22.5,37.99,20.07,40.5,35.71
2070,MAY,22.71,23.1,21.95,23,28.7,29.28,27.6,29.44,26.11,17.91,36.46,4.73
2070,JUN,26.05,25.6,26.9,26.78,31.41,31.92,32.71,33.27,14.53,7.32,16.4,9.87
2070,JUL,29.74,31.07,32.06,28.87,36.57,38.2,38.62,35.26,0.3,0.83,1.47,5.83
2070,AUG,30.44,31.33,30.78,30.25,37.2,38.05,37.21,36.69,0.9,2.88,2.81,2.53
2070,SEP,28.93,27.78,28.24,25.59,35.05,33.99,34.39,31.04,9.25,7.49,4.01,21.61
2070,OCT,25.08,23.58,22.39,21.87,30.7,28.98,27.92,27.19,11.82,36.34,8.29,15.83
2070,NOV,18.57,18.59,17.87,17.59,23.87,23.62,23.47,22.25,21.93,9.21,5.11,49.85
2070,DEC,14.05,15.14,12.85,14.99,18.95,20.05,18.31,20.26,55.56,37.52,15.17,47.46
2071,JAN,13.21,15.08,13.27,11.29,17.96,20.4,19.13,16.52,39.62,51.15,4.4,8.95
2071,FEB,15.8,15.56,14.49,13.51,21.53,20.66,20.1,18.71,7.16,72.97,30.1,16.99
2071,MAR,17.13,16.31,18.63,17.5,22.4,21.52,24.32,22.97,42.78,43.8,39.49,54.93
2071,APR,18.11,18.65,18.71,17.62,23.44,24.3,24.29,22.39,38,17.38,26.61,73.65
2071,MAY,24.64,23.95,23.17,22.74,30.4,30.11,29,28.61,34.57,8.65,11.62,21.45
2071,JUN,27.45,26.56,25.25,28.26,33.6,32.73,31.29,34.68,2.32,22.98,8.52,8.06
2071,JUL,30.49,32.04,31.09,29.82,36.74,38.68,37.89,36.43,3.13,2,2.78,1.07
2071,AUG,32.33,31.08,30.91,30.27,38.75,37.38,38.01,37.04,2.73,5.34,1.19,2.41
2071,SEP,28.91,27.63,27.97,26.47,35.09,33.2,34.28,31.79,3.03,27.67,8.82,23.25
2071,OCT,25.91,23.52,23.26,23.49,31.01,28.43,28.81,29.08,25.52,47.52,10.72,22.9
2071,NOV,19.01,18.86,15.94,17.98,24.6,24.15,21.09,23.11,4.78,6.61,32.53,17.49
2071,DEC,16.36,14.24,11.72,11.75,21.3,19.08,15.77,16.53,36.9,34.67,63.85,52.39
2072,JAN,13.55,14.38,13.5,11.96,19.15,20.8,19.38,17.15,18.66,1.88,6.84,17.93
2072,FEB,14.35,15.68,13.98,13.9,19.66,21.65,19.44,19.35,19.99,11.05,25.48,14.76
2072,MAR,16.4,16.72,17.75,16.73,21.58,22.23,22.99,23,52.75,27.6,57.98,6.57
2072,APR,21.13,22.1,19.39,18.18,27.26,28.78,25.44,23.18,9.41,4.64,9.33,65.9
2072,MAY,24.62,25.49,23.77,20.43,30.45,31.56,30.15,26.37,18.14,20.82,6.39,17.17
2072,JUN,25.72,26.36,27.32,26.26,31.92,32.53,33.73,32.77,4.96,2,1.54,3.3
2072,JUL,32.96,30.46,30.24,30.1,40.12,37.63,37.15,36.91,0.81,0.51,1.29,0.9
2072,AUG,32.28,31.21,30.28,28.86,38.79,38.2,37.14,35.32,2.27,1.09,1.21,2.15
2072,SEP,29.16,28.55,26.98,26.01,35.3,34.93,33.07,32.05,10.18,7.7,6.07,10.15
2072,OCT,25.53,24.47,23.7,22.07,30.84,30.12,29.41,27.51,22.89,10,25.92,12.92
2072,NOV,20.03,17.59,18.04,17.51,25.68,22.5,22.41,23.2,7.52,59.91,79.54,9.85
2072,DEC,14.28,13.43,12.69,12.44,20.18,18.3,17.68,17.83,7.52,36.03,15.58,14.73
2073,JAN,14.5,13.1,13.35,13.45,20.46,18.12,19.24,19.36,8.66,52.33,2.98,8.14
2073,FEB,15.03,13.79,14.18,16.21,20.79,19.17,20.44,22.86,13.2,22.01,1.19,3.34
2073,MAR,17.02,17.09,16,16.49,22.72,22.98,21.76,22.52,13.49,16.51,23.21,14.22
2073,APR,20.5,20.78,19.82,17.89,26.49,26.58,25.81,24.15,20.24,29.69,23.06,14.4
2073,MAY,25.59,21.04,26.18,22.07,31.94,26.61,32.26,28.11,16.74,40.19,13.79,26.16
2073,JUN,26.79,27.43,29.27,27.19,32.46,33.62,35.63,33.87,28.69,7.23,18.48,6.19
2073,JUL,32.94,32.06,31.61,29.26,39.7,39.08,38.23,35.61,1.85,1.05,2.67,3.42
2073,AUG,32.54,31.84,31,29.42,39.16,38.24,37.48,36.11,2.8,4.5,2.2,2.51
2073,SEP,29.54,27.24,28.01,28.13,35.63,33.17,34.23,34.03,7.35,14.45,5.22,6.67
2073,OCT,24.44,23.41,24.45,24.61,29.52,28.97,29.59,30.26,55.11,12.59,39.19,14.06
2073,NOV,17.23,17.85,17.67,17.25,22.08,23.53,23.17,22.35,34.05,5.99,5.05,19.01
2073,DEC,15.53,14.11,13.31,12.45,20.75,19.48,18.71,17.09,8.83,14.51,21.82,54.96
2074,JAN,15.73,14.4,12.76,11.37,21.54,20.57,18.29,16.35,14.31,6.89,26.11,43.48
2074,FEB,17.48,15.26,16.76,15.04,22.79,20.47,22.31,20.43,45.62,46.22,17.27,24.4
2074,MAR,21.61,14.71,15.92,16.15,27.87,20.32,21.35,21.52,18.47,19.31,38.71,43.77
2074,APR,18.86,20.33,17.78,19.82,24.55,26.76,23.3,25.46,13.31,10.27,39.19,40.05
2074,MAY,23.44,24.99,20.52,23.56,29.49,31.51,26.32,29.23,14.49,8.33,23.1,40.13
2074,JUN,28.21,28.12,26.55,26.4,34.53,34.57,33.18,32.33,14.35,6.86,3.65,18.45
2074,JUL,33.37,31.43,31.64,29.9,40.38,38.39,38.52,36.4,0.88,1.5,0.9,2.03
2074,AUG,31.96,30.21,31.3,29.61,38.48,36.78,37.86,36.03,2.19,2.46,2.23,1.68
2074,SEP,27.73,28.09,27.75,26.65,33.89,34.15,33.85,32.59,7.26,6.9,4.84,4.28
2074,OCT,25.11,24.2,21.52,23.66,30.56,28.91,26.5,29.09,12.5,81,45.56,29.95
2074,NOV,17.97,16.75,16.6,14.22,23.23,21.39,22.31,18.75,28.1,34.55,8.28,44.58
2074,DEC,13.38,13.63,15.41,13.03,18.25,19.02,20.88,18.41,49.75,22.1,36.87,22.7
2075,JAN,16.41,14.84,12.43,11.08,22.35,20.98,17.92,16.53,6,6.94,10.96,21.15
2075,FEB,15.26,14.47,13.19,11.32,21.16,20.02,18.36,16.68,8.96,36.45,35.98,26.71
2075,MAR,18.32,14.51,17.7,16.11,23.69,19.75,22.59,21.8,35.72,35.02,84.94,37.58
2075,APR,19.86,19.68,21.01,19.87,25.57,25.58,26.94,26.39,24.5,24.01,24.28,4.73
2075,MAY,22.03,22.96,20.59,20.28,27.65,28.82,25.78,26.11,23.09,38.11,67.07,13.81
2075,JUN,29.13,26.02,25.15,25.1,35.87,32.12,31.42,31.87,3.88,5.27,6.45,3.43
2075,JUL,33.2,31.33,31.83,30.75,39.79,38.36,38.74,37.76,3.3,1.09,1.09,1.19
2075,AUG,33.17,32.44,31.59,29.57,39.57,39.43,38.28,36.68,4,1.31,2.34,0.78
2075,SEP,30.21,28.44,27.44,25.75,36.56,34.31,33.03,32.09,3.14,30.15,17.05,2.55
2075,OCT,26.07,25.72,23.34,22.99,31.87,31.35,28.28,28.44,13.89,10.39,44.02,27.58
2075,NOV,17.88,17.24,16.53,17.35,22.63,22.64,21.11,22.63,62.03,5.41,42.42,31.73
2075,DEC,15.06,13.16,13.76,13.85,20.43,17.55,19.04,19.35,15.03,79.98,27.7,11.6
2076,JAN,11.6,15.65,13.14,12.01,16.28,20.54,18.45,17.79,58.9,73.74,52.51,19.25
2076,FEB,15.25,18.01,15.2,14.56,20.66,23.88,21.09,20.5,19.14,8.3,17.4,8.43
2076,MAR,18.85,20.49,17.62,16.65,24.35,26.55,22.73,22.71,62.67,1.53,55.89,12.98
2076,APR,19.14,22.38,21.11,18.15,24.63,28.41,27.27,24.02,40.16,18.64,13.12,22.32
2076,MAY,25.97,23.4,21.92,22.56,31.61,29.5,27.85,28.76,39.1,14.31,22.13,10.98
2076,JUN,28.14,25.87,27.76,26.51,34.6,32.12,34.08,33.01,1.51,4.42,14.74,5.59
2076,JUL,32.36,29.82,31.83,29.78,39.4,36.42,38.48,36.37,0.75,1.15,3.12,2.54
2076,AUG,32.99,31.96,30.83,29.5,39.52,38.69,37.38,36.03,4.35,1.65,4.17,3.36
2076,SEP,29.68,28.44,26.96,26.3,35.83,34.46,33.01,32.69,6.29,18.6,10.26,10.2
2076,OCT,23.19,23.92,24.72,24.67,28.51,29.59,30.67,30.21,50.7,17.2,7.3,26.15
2076,NOV,18.05,18.43,18.23,18.18,23.06,23.67,23.28,24.15,23.6,22.99,81.05,3.73
2076,DEC,15.99,12.99,13.31,13.68,21.96,18.28,17.9,19.72,3.01,21.15,52.78,14.49
2077,JAN,13.55,12.95,11.8,12.26,19.26,17.84,16.86,18.06,27.16,37.47,15.01,16.56
2077,FEB,15.62,14.56,15,14.79,21.42,19.8,19.88,20.64,14.54,21.48,25.75,30.37
2077,MAR,21.95,13.61,16.4,14.1,28.21,18.4,21.65,18.53,7.75,57.01,53.11,99.29
2077,APR,21.8,19.46,21.21,18.76,27.86,25.68,27.04,24.6,9.2,8.17,14.96,25.91
2077,MAY,26.25,23.14,23.21,23.25,32.96,29.03,29.51,29.02,8.11,15.46,5.8,23.77
2077,JUN,27.51,25.71,25.1,22.65,33.87,32.17,31.03,28.11,6.27,1.5,10.39,19.72
2077,JUL,32.68,31.52,32.04,28.37,39.46,38.55,38.65,34.97,2.43,1.25,3.98,2.24
2077,AUG,32.4,33.11,30.44,29.42,39.05,39.97,37.03,36.07,1.77,2.48,2,2.52
2077,SEP,27.96,28.61,27.28,25.21,33.49,34.58,33.3,31.18,11.65,13.02,11.11,4.3
2077,OCT,25.92,23.48,23.26,22.33,31.64,28.95,28.34,28.4,23.98,14.82,34.62,4.56
2077,NOV,20.16,17.22,19.48,17.47,25.65,22.25,25.06,23.67,19.16,32.99,17.11,0.67
2077,DEC,13.68,13.85,13.33,11.41,18.95,18.5,18.39,16.77,20.87,19.37,17.91,29.8
2078,JAN,15.05,15.2,11.61,11.59,20.87,20.3,16.86,17.3,9.12,54.14,25.91,25.71
2078,FEB,16.29,13.77,14.06,14.27,22.09,19.04,19.01,19.29,10.65,14.37,47.09,47.32
2078,MAR,17.14,18.63,17.82,18.26,22.77,24.14,23.64,24.17,35.21,0,15.17,26.41
2078,APR,22.05,19.86,17.49,18.8,28.43,26.21,23.05,24.63,10.27,0,38.18,36.7
2078,MAY,24.06,23.48,20.62,23.68,30.02,29.42,26.14,29.98,12,0,37.96,16.26
2078,JUN,27.2,27.33,27.34,25.64,32.95,33.55,34.14,32.04,6.57,0,3.38,7.63
2078,JUL,32.6,32.7,30.21,29.03,39.21,39.71,37.28,35.86,1.66,0,0.93,1.3
2078,AUG,33.28,31.36,30.55,29.82,40.45,38.38,37.2,36.31,0.78,0,1.46,3.11
2078,SEP,30.48,28.76,27.46,25.5,36.71,35.09,33.51,31.4,3.65,0,7.31,9.77
2078,OCT,25.37,24.6,21.73,22.3,30.89,29.93,26.98,27.91,11.3,0,30.78,17.15
2078,NOV,19.78,17.73,18.36,16.67,25.16,22,22.87,22.04,14.05,0,45.46,17.83
2078,DEC,15.93,16.4,13.01,12.17,21.08,22.45,17.79,16.65,37.95,0,42.03,67.24
2079,JAN,14.53,14.05,14.12,12.43,20.19,19.65,19.89,17.93,11.36,14.41,8.23,10.68
2079,FEB,15.11,15.7,16.21,13.39,20.9,20.7,20.78,18.41,10.91,82.29,115.56,47.08
2079,MAR,21.85,17.93,17.91,15.74,28.41,23.76,23.2,21.45,3.94,21.61,28.71,26.13
2079,APR,19.71,19.44,19.04,18.84,25.61,25.55,25.15,24.61,17.51,27.13,15.8,22.12
2079,MAY,23.96,24.58,21.14,23.04,30.22,31.17,27.03,29.14,7.74,5.93,14.36,22.44
2079,JUN,27.91,30.34,25.37,25.18,34.29,36.8,31.47,31.28,2.66,8.14,11.41,13.1
2079,JUL,32.07,30.29,29.49,29.84,39.11,36.92,35.86,36.28,1.05,1.1,6.79,1.84
2079,AUG,32.94,31.29,30.4,29.59,39.85,38.29,37.37,36.15,1.77,0.85,0.2,1.67
2079,SEP,30.96,28.81,26.47,27.04,36.94,35.09,32.85,32.98,14.94,4.12,3.6,11.17
2079,OCT,25.51,23.09,23.78,24.57,31.07,28.35,29.76,29.76,27.98,27.14,16.9,47.05
2079,NOV,20.06,18.15,19.28,16.1,25.47,23.33,24.99,21.04,16.01,32.05,16.11,34.86
2079,DEC,15.42,15.06,14.6,12.34,21.06,20.21,20.42,17.93,8.89,38.8,4.21,1.98
2080,JAN,15.24,14.73,11.03,11.47,20.97,20.67,16.2,17.21,12.67,5.65,12,6.72
2080,FEB,18.02,16.51,14.69,15.69,23.66,20.7,20.07,22.38,27.32,139.94,20.26,1.53
2080,MAR,19.87,16.58,17,15.65,25.4,21.67,22.68,21.62,32.4,80.85,46.19,24.1
2080,APR,23.13,19.32,20.71,21.56,29.11,24.74,26.79,28.37,13.54,39.61,25.79,3.18
2080,MAY,23.49,23.37,23.63,24.09,29.28,29.02,29.86,30.57,30.19,25.69,25.74,9.98
2080,JUN,30.14,27.7,25.87,24.1,36.4,33.57,31.99,30.11,10.27,5.36,11.82,13.97
2080,JUL,34.08,31.23,30.92,29.93,41.28,37.84,37.47,36.65,0.62,1.41,3.53,2.7
2080,AUG,32.94,32.03,31.21,30.94,39.61,38.79,37.74,37.58,2.72,1.54,2.56,1.77
2080,SEP,29.3,28.4,27.49,27.08,35.24,34.73,33.54,32.96,5.16,7.61,6.6,5.3
2080,OCT,25.1,22.64,24.21,23.67,30.7,27.79,30.24,29.66,11.54,30.77,18.09,7.67
2080,NOV,18.3,16.51,19.33,17.84,23.22,21.02,24.87,23.88,63.98,44.15,19.32,7.39
2080,DEC,17.74,13.88,15.47,13.2,23.16,18.87,20.61,18.84,12.17,39.42,47.35,11.67
2081,JAN,12.65,14.8,15.18,12.61,17.97,20.14,20.2,18.6,11.78,56.38,68.23,8.37
2081,FEB,14.46,15.49,15.45,13.3,19.83,20.51,19.57,18.7,11.66,69.19,157.51,28.4
2081,MAR,19.75,16.21,14.39,15.18,25.25,21.97,18.7,20.86,24.25,8.11,160.98,22.3
2081,APR,22.87,20.38,20.84,18.84,29.37,26.44,26.8,24.62,3.06,16.22,22.57,31.77
2081,MAY,26.44,25.31,21.36,21.39,32.95,31.83,26.37,26.87,2.53,6.21,68.95,31.11
2081,JUN,27.26,27.49,24.69,25.15,33.52,33.87,29.95,31.55,6.45,6.47,32.37,4.83
2081,JUL,31.31,32.73,30.38,30.46,38.51,39.6,36.67,37.44,0.21,2.31,1.93,1.04
2081,AUG,32.89,30.02,30.87,29.29,39.75,36.63,37.31,36.04,1.3,0.98,1.47,1.38
2081,SEP,29.89,29.26,27.87,25.46,35.86,35.59,33.91,31.4,9.38,7.05,3.66,14.95
2081,OCT,26.85,23.49,24.08,21.99,32.94,28.96,29.54,26.56,1.92,9.16,18.74,79.21
2081,NOV,19.87,18.13,17.04,16.11,25.15,23.84,22.76,21.31,39.58,6.09,7.66,26.73
2081,DEC,16.27,15.28,14.8,12.85,21.27,21.16,20.14,17.98,22.82,20.63,23.13,34.8
2082,JAN,12.8,15.58,12.82,12.96,17.19,21.31,17.94,17.76,65.38,22.1,24.68,27.33
2082,FEB,14.92,16.8,13.49,15.78,20.39,21.63,18.83,20.29,16.69,72.31,22.41,89.67
2082,MAR,16.21,16.98,15.26,13.84,21.44,22.01,20.8,17.99,37.82,47.68,39.62,170.45
2082,APR,22.34,20.26,19.06,19.2,28.53,25.91,24.4,24.4,26.36,37.83,30.07,62.65
2082,MAY,26.99,24.5,20.97,20.82,33.14,30.4,26.73,26.26,9.74,14.97,30.12,36.6
2082,JUN,28.91,26.43,26.5,26.09,35.06,32.25,32.69,32.25,10.4,16.65,4.69,8.89
2082,JUL,32.22,31.7,31.11,29.78,38.83,38.34,38.02,36.52,2.34,1.27,1.8,2.72
2082,AUG,33.19,32.43,31.33,29.92,40,39.17,38.03,36.88,1.42,1.98,1.6,0.74
2082,SEP,29.3,28.47,28.04,26.83,35.07,34.3,34.01,33.26,15.77,31.43,5.35,3.41
2082,OCT,25.86,24.18,23.11,23.66,31.62,29.3,28.41,29.62,11.06,58.99,26.74,9.98
2082,NOV,20.59,14.93,18.88,17.1,25.8,19.19,24.89,22.22,28.53,73.49,4.52,27.93
2082,DEC,15.81,13.37,13.81,13.16,20.34,18.25,19.44,18.23,44.31,22.97,2.36,24.45
2083,JAN,13.21,14.08,12.25,13.76,18.44,19.19,18.14,18.7,16.66,40.08,5.81,64.27
2083,FEB,15.93,15.68,15.3,12.16,20.96,20.65,21.36,16.89,36.88,67.93,14.32,25.58
2083,MAR,16.82,17.26,19.74,16.69,22.69,23.02,25.66,22.49,23.57,8.47,20.96,21.24
2083,APR,19.17,23.44,19.47,20.6,25.12,30.04,25.2,26.98,14.76,7.46,30.12,16.43
2083,MAY,25.54,25.25,21.1,19.11,31.7,31.15,26.96,24.2,4.55,20.72,22.57,45.35
2083,JUN,28.31,25.24,25.17,26.71,34.58,31,30.59,33.2,8.6,15.71,40.25,3.63
2083,JUL,31.79,30.45,28.31,29.7,38.83,37.16,34.81,36.32,0.44,1.49,0.62,3
2083,AUG,31.92,30.79,31.1,30.49,38.79,37.35,37.89,37.05,1.21,1,4.65,2.97
2083,SEP,29.53,28.88,27.55,26.04,35.56,34.97,33.16,31.82,14.11,7.19,17.43,8.99
2083,OCT,24.74,24.56,23.8,22.13,30.12,30.07,29.36,27.83,25.56,7.16,10.15,10.89
2083,NOV,20.83,17.43,16.13,15.85,26.69,22.78,20.87,20.63,3.33,59.84,46.89,64.65
2083,DEC,16.9,13.36,13.6,12.47,22.77,18.74,18.53,17.43,7.46,7.03,28.4,17.42
2084,JAN,13.64,14.33,11.95,11.78,18.82,18.98,17.14,17.9,22.7,57.44,45.16,3
2084,FEB,15.61,17.37,16.31,13.91,21.39,22.61,21.72,19.97,15.94,42.07,35.04,8.89
2084,MAR,17.6,17.83,16.81,18.14,23.43,23.1,22.28,24.58,11.58,46.03,48.35,7.92
2084,APR,23.26,23.99,20.41,17.05,29.88,30.16,26.31,22.42,3.01,7.12,25.06,50.29
2084,MAY,25.93,23.93,22.95,22.53,32.13,29.84,29.05,27.97,24.33,26.59,13.15,47.77
2084,JUN,26.08,28.19,28.4,26.29,32.05,34.29,34.82,32.38,7.93,2.13,3.93,9.11
2084,JUL,32.84,32.78,31.87,31.15,39.79,39.49,38.65,38.27,0.61,1.38,1.57,0.81
2084,AUG,33.6,32.58,30.76,30.11,40.41,39.38,37.22,36.86,2.65,1.62,2.31,2.36
2084,SEP,30.22,29.47,27.94,25.96,36.3,35.21,33.92,31.87,12.44,15.3,7.69,11.13
2084,OCT,25.09,25.43,22.24,24.33,30.22,30.31,27.29,29.66,31.11,109.07,24.45,12.02
2084,NOV,18.81,18.51,18.76,14.91,24.08,23.04,24.72,19.6,16.21,23.74,6.2,64.08
2084,DEC,16.35,16.43,12.84,13.8,21.85,22.23,17.5,17.83,29.16,5.24,61.25,132.21
2085,JAN,14.58,13.57,12.28,13.01,20.06,19,17.77,18.32,25.17,48.65,4.48,18.65
2085,FEB,16.6,15.68,17.29,11.83,22.24,21.51,23.18,16.94,21.6,18.87,14.65,24.68
2085,MAR,17.85,19.29,18.57,12.82,23.69,24.9,23.54,17.69,31.47,40.58,84.57,56.18
2085,APR,20.14,20.18,19.28,19.37,26.02,25.92,24.38,25.74,29.02,33,66.88,14.21
2085,MAY,26,22.42,22.23,19.13,32.58,28.37,28.29,24.58,2.05,14.75,14.06,44.52
2085,JUN,30.01,27.74,28.05,24,36.77,34.3,34.11,30.38,4.46,3.86,22.87,5.85
2085,JUL,34.14,31.46,31.66,29.75,41.19,38.45,38.25,36.78,0.84,0.85,1.8,0.53
2085,AUG,33.35,31.31,32.38,29.39,40.24,37.83,38.48,35.83,1.45,1.39,5.12,2.58
2085,SEP,29.48,28.85,27.81,26.49,35.94,34.56,33.18,32.57,1.18,21.04,24.83,7.18
2085,OCT,26.29,26.01,23.52,22.3,32.21,31.48,28.15,27.91,4.59,25.89,65.27,28.82
2085,NOV,19.68,17.73,20.41,18.19,25.05,22.92,26.11,23.77,14.08,16.59,11.53,34.93
2085,DEC,16.54,15.41,14.39,13.05,22.03,20.82,18.85,18.45,29.04,14.82,64.09,30.66
2086,JAN,15.67,13.91,12.18,14.2,20.41,19.58,17.31,19.25,72.27,8.97,17.52,47.37
2086,FEB,19.29,17.52,13.81,15.55,25.39,23.28,18.62,21.04,20.85,25.81,53.85,25.99
2086,MAR,21.01,17.5,18.82,16.19,27.33,23.28,24.35,21.63,2.43,19.42,25.44,49.17
2086,APR,23.3,18.03,19.26,19.74,29.44,23.62,25,26.09,13.31,25.47,32.59,16.85
2086,MAY,24.61,23.75,22.91,24.78,30.57,29.67,28.98,30.75,10.32,41.11,15.97,26.51
2086,JUN,29.84,27.54,27.53,26.85,36.34,33.15,33.64,33.27,4.7,17.08,7.47,6.6
2086,JUL,32.45,31.69,29.58,29.5,39.15,38.37,36.33,36.74,2.95,3.49,1.61,0.68
2086,AUG,34.82,32.45,31.13,29.52,41.6,39.12,37.61,36.15,6.5,1.96,1.83,1.9
2086,SEP,31.29,29.04,28.28,26.46,37.43,34.84,34.35,32.66,14.09,35.15,11,6.72
2086,OCT,24.73,25.51,23.67,22.47,30.15,30.44,28.59,28.08,23.53,31.49,53.86,19.43
2086,NOV,19.88,19.21,17.48,16.92,25.28,23.75,22.07,21.93,14.82,46.33,60.08,50.32
2086,DEC,15.04,14.22,16.71,15.22,20.75,19.07,21.68,20.38,2.46,23.77,47.53,34.58
2087,JAN,14.95,14.33,14,13.1,20.87,19.34,19.3,18.51,1.3,57.9,24.48,18.75
2087,FEB,16.01,17.94,12.91,14.96,21.82,23.25,17.9,20.84,10.77,28.35,26.21,12.79
2087,MAR,19.75,18.08,16.35,17.29,25.88,23.13,22.46,22.56,13.6,80.02,11.68,42.81
2087,APR,22,20.29,21.03,18.99,27.86,25.94,26.95,24.87,23.16,28.16,15.04,28.98
2087,MAY,27.15,23.85,22.12,21.13,33.81,29.79,27.6,26.77,4.13,15.09,40.83,31.34
2087,JUN,31.35,26.09,28.08,25.76,37.81,31.95,33.99,32.14,9.29,6.46,18.7,2.33
2087,JUL,32.56,30.69,31.01,30.07,39.26,37.21,37.62,36.75,1.71,2.63,2.28,2.28
2087,AUG,34.65,33.14,31.76,30.58,41.33,39.81,38.18,37.06,2.4,2.07,2.69,4.19
2087,SEP,31.2,29.93,27.76,26.29,37.27,36.17,33.87,31.93,10.57,4.6,5.47,17.06
2087,OCT,27.66,26.23,24.5,22.88,33.67,31.97,30.65,28.27,3.85,3.28,1.47,30.95
2087,NOV,21.11,20.06,17.78,17.53,26.57,25.62,23.02,22.87,29.12,6.81,10.45,18.82
2087,DEC,16.85,14.05,14.19,14.31,22.23,18.86,19.76,20.19,21.63,41.45,10.24,2.66
2088,JAN,15.4,13.37,14.53,12.17,21.37,17.97,20.77,18.3,9.57,58,24.99,10.09
2088,FEB,17.22,15.66,16.16,14.21,22.6,21.58,21.52,19.84,8.6,10.88,45.62,17.76
2088,MAR,18.64,17.44,19.02,18.3,24.31,23.32,24.8,24.19,26.37,21.78,39.82,33.5
2088,APR,25.07,19.3,21.74,18.84,31.62,25.1,27.58,24.64,8.89,18.46,28.23,20.26
2088,MAY,27,23.97,26.05,18.87,33.15,30.19,32.4,24.17,22.07,14.09,18.92,47.13
2088,JUN,26.75,27.08,28.74,28.36,32.64,33.25,34.87,35.2,11.26,4.99,9.35,4.86
2088,JUL,34.15,31.72,31.88,30.74,41.23,38.36,38.86,37.54,1.01,1.58,1.48,1.65
2088,AUG,33.43,32.75,31.6,30.6,40.34,39.31,38.43,37.03,1.15,3.69,1.12,2.76
2088,SEP,30.48,27.5,29.37,26.2,36.64,33.24,35.2,31.99,6.05,8.86,10.59,14.07
2088,OCT,27.14,25.01,23.75,21.22,33.12,30.29,29.02,26.4,3.47,39.23,19.73,42.66
2088,NOV,21.32,18.47,20.04,16.32,26.93,23.22,25.32,21.45,16.17,31.17,9.83,29.04
2088,DEC,15.23,14.82,14.47,12.25,20.04,19.28,19.38,17.36,41.05,56.24,70.86,7.9
2089,JAN,13.89,13.99,13.91,10.49,18.65,18.84,18.5,15.93,21.96,25.77,77.91,14.47
2089,FEB,16.38,14.57,13.69,12.2,22.12,20.11,18.19,17.52,4.08,16.45,60.76,38.43
2089,MAR,18,20.68,16.69,14.85,23.54,26.66,21.43,20.62,40.4,20.97,71.57,46.39
2089,APR,21.89,19.97,20.93,15.79,28.5,25.59,26.8,21.1,2.52,23.81,22.6,55.03
2089,MAY,27.28,27.74,25.75,20.86,33.67,34.26,32.02,26.86,13.88,5.29,10.52,21.77
2089,JUN,28.89,26.66,26.13,25.98,35.6,32.47,31.55,32.42,1.03,6.97,26.64,10.88
2089,JUL,31.87,32.94,31.68,29.65,39.31,40.09,38.24,36.28,0.11,0.83,1.91,2.69
2089,AUG,31.89,32.28,31.3,29.54,38.77,39.09,38.02,36.43,0.87,1.42,0.96,1.22
2089,SEP,29.99,29.99,29.23,26.73,36.59,36.16,35.03,33.15,1.73,6.86,8.28,1.63
2089,OCT,27.44,24.81,25.73,23.44,33.65,30.75,31.37,29.09,2.04,7.54,23.22,19.21
2089,NOV,21.93,20.02,18.14,19.08,27.4,25.18,23.1,24.77,20.63,38.54,57.75,22.38
2089,DEC,15.87,13.95,14.69,13.43,21.01,18.37,18.88,18.97,21.03,47.82,77.85,14.25
2090,JAN,15.82,12.27,13.3,11.93,22.23,17.37,18.82,17.69,6.21,17.97,18.25,6.28
2090,FEB,18.37,12.99,15.77,13.79,23.83,18.32,20.78,19.83,23.75,9.24,31.21,4.25
2090,MAR,20.05,17.64,16.95,17.01,26.08,23.89,22.32,22.95,6.41,9.23,28.98,17.52
2090,APR,21.57,22.39,20.47,18.31,27.2,28.25,26.65,24.11,26.24,26.86,12.94,38.89
2090,MAY,25,24.48,21.29,21.72,30.99,30.68,26.69,27.11,14.23,9.48,38.91,60.31
2090,JUN,28.93,27.9,26.37,24.27,35.27,34.48,32.31,30.43,4.35,4.91,7.54,3.48
2090,JUL,35.06,32.51,29.59,30.25,42.1,39.61,35.98,36.9,1.12,1.96,2.61,1.34
2090,AUG,33.86,31.99,30.76,30.24,40.69,38.84,37.2,37.03,3.34,0.96,2.22,1.41
2090,SEP,30.16,28.71,28.3,26.3,36.02,35.26,34.36,32.45,14.81,1.62,7.92,5.72
2090,OCT,26.81,25.38,23.98,23.87,32.53,31.67,29.86,30.32,13.11,1.51,9.23,1.41
2090,NOV,20.62,20.16,16.45,16.45,26.05,25.79,21.22,21.8,16.62,31.77,42.86,25.52
2090,DEC,15.21,15.66,14.51,14.02,20.51,21.42,19.57,19.16,20.94,5.42,28.13,35.54
2091,JAN,13.47,16.71,12.82,12.71,19.43,22.09,18.18,17.93,3.7,26.34,11.74,30.16
2091,FEB,16.1,16.21,15.37,14.63,21.88,22.09,20.56,20.68,8.53,8.78,41.87,6.78
2091,MAR,20.37,19.85,17.4,16.46,26.29,25.67,22.15,22.37,28.85,21.82,65.35,16.38
2091,APR,23.51,19.5,18.12,18.48,29.99,25.63,23.24,24.26,4.01,14.09,66.4,44.46
2091,MAY,26.38,23.77,20.5,22.47,32.58,29.96,26.15,28.42,13.72,10.82,21.17,25.35
2091,JUN,30.05,27.49,27.2,26.78,36.67,33.53,33.69,33.3,3.56,10.91,5.71,5.12
2091,JUL,33.31,33.32,31.12,30.13,40.32,40.22,37.54,36.77,1.25,2.02,2.85,2.42
2091,AUG,33.48,32.63,31.62,30.37,40.53,39.46,38.4,37.16,1.23,1.48,1.54,1.57
2091,SEP,31.52,29.06,28.57,27.16,37.89,34.89,34.43,32.57,3.82,20.94,19.27,17.23
2091,OCT,25.51,26.61,25.83,22.81,31.43,32.53,31.3,27.96,9.66,4.53,25.14,48.52
2091,NOV,21.69,21.13,19.05,16.99,27.38,26.77,23.96,21.64,11.44,3.23,41.21,54.53
2091,DEC,16.36,15.57,14.47,13.27,22.09,21.22,19.14,17.76,17.42,12.33,54.74,57.48
2092,JAN,15.51,15.62,13.25,13.16,21.35,21.09,18.95,18.95,12.02,32.37,21.15,10
2092,FEB,18.61,16.5,16.61,12.56,24.42,22.36,22.04,17.64,30.77,16.44,26.29,26.99
2092,MAR,20.6,18.26,18.15,15.06,26.66,24.3,23.75,20.95,33.02,6.63,46.05,19.22
2092,APR,21.34,22.38,20.17,17.44,27.52,28.44,25.81,22.89,19.73,27.06,18.74,57.06
2092,MAY,25.93,27.36,22.55,23.77,32.11,33.62,28.14,29.54,6.68,8.65,47.25,33.95
2092,JUN,32.78,26.92,25.95,27.4,39.56,32.52,31.66,33.81,5.98,12.26,9.3,4.57
2092,JUL,32.7,32.26,31.31,31.16,39.87,38.91,37.88,37.94,0.57,2.44,2.65,1.24
2092,AUG,33.36,33.17,31.59,29.84,40.32,40.09,37.7,36.54,0.68,0.54,4.61,1.64
2092,SEP,30.12,32.21,28.17,27.27,36.56,38.64,33.69,33.34,3.54,5.34,48.7,16.28
2092,OCT,27.25,26.71,22.39,23.16,33.13,32.74,27.36,28.65,6.33,5.19,35.58,14.65
2092,NOV,22.2,20.24,17.72,17.37,28.25,25.19,22.85,22.9,4.26,38.51,28.92,32.76
2092,DEC,16.15,16.71,14.99,13.1,21.25,22.03,19.69,18.25,40.91,11.47,53.31,21.34
2093,JAN,17.01,13.4,14.36,12.41,22.56,18.37,19.2,18.22,38.26,33.32,66.58,5.11
2093,FEB,17.85,17.86,17.79,15.67,23.84,23.07,23.4,21.44,5.79,39.98,14.27,22.97
2093,MAR,17.37,20.16,19.99,16.7,22.96,26.25,25.97,22.13,32.3,14.95,11.56,31.93
2093,APR,20.18,20.81,19.24,21.22,26.14,26.84,24.59,27.95,12.01,19.78,46,3.81
2093,MAY,27.3,24.69,23.35,21.54,33.85,30.85,29.61,27.25,5.17,7.2,5.92,39.59
2093,JUN,28.65,28.14,26.02,27.2,34.34,34.31,32.31,33.33,24.34,11.23,5.05,27.14
2093,JUL,32.8,34.56,32.62,28.55,39.36,41.52,39.51,34.7,3.17,2.47,0.89,4.06
2093,AUG,34.47,33.51,31.17,30.74,41.41,40.2,37.56,37.27,0.98,2.8,3.74,3.48
2093,SEP,30.86,29.59,28.47,26.21,36.93,35.44,34.63,32.16,6.12,10.79,4.28,13.84
2093,OCT,27.69,26.16,23.57,22.6,33.24,31.66,29.27,28.02,14.91,29.19,18.56,39.2
2093,NOV,21.38,20.48,17.98,17.45,26.9,25.31,23.26,22.84,5.42,29.27,26.33,10.2
2093,DEC,16.9,18.61,13.66,13.21,22.31,24.01,19,18.25,15.49,7.64,18.93,27.24
2094,JAN,14.99,15.65,13.39,15.04,20.23,21.08,19.11,20.01,17.29,36.89,32.43,65.4
2094,FEB,16.29,17.06,14.53,14.89,21.4,22.24,20.64,20.75,38.94,54.43,16.47,17.99
2094,MAR,17.3,22.35,16.1,18.1,22.71,28.36,22,23.01,35.34,34.31,11.67,82.16
2094,APR,22.44,20.4,21.87,16.83,28.85,25.6,28.4,21.92,7.93,47.07,10.45,45.24
2094,MAY,28.16,25.23,22.61,23.44,34.63,31.56,28.43,29.41,11.82,4.33,30.54,11.73
2094,JUN,29.13,27.14,25.6,27.76,35.3,32.73,31.73,34.41,13.84,17.17,4.7,2.01
2094,JUL,33.52,31.65,31.07,30.33,40.57,38.04,38.17,37.03,2.51,3.64,0.76,1.9
2094,AUG,34.47,33.04,31.96,30.25,41.42,39.86,38.82,36.74,1.08,1.53,1.12,2.84
2094,SEP,30.77,29.18,28.32,25.56,36.34,34.77,34.19,31.3,30.75,25.17,6.34,5.76
2094,OCT,27.96,24.81,22.92,24.12,33.59,29.77,28.62,30.02,6.48,50.16,7.65,7.35
2094,NOV,22.51,20.85,15.37,15.98,27.65,26.17,20.45,21.13,19.05,19.39,27.27,35.38
2094,DEC,16.94,17.1,14.57,13.87,22.44,22.48,20.71,19.21,11.59,40.37,4.63,19.25
2095,JAN,16.8,15.44,13.28,11.7,22.84,20.98,18.55,16.56,4.75,12.85,58.98,55.15
2095,FEB,18.25,14.76,12.57,13.52,24.17,19.83,17.45,19.51,18.37,46.79,29.36,6.5
2095,MAR,18.75,19.81,18.76,17.21,24.39,24.86,24.55,23.54,35.32,30.22,15.97,13.17
2095,APR,25.14,21.78,17.24,18.43,31.77,27.89,22.59,24.3,1.64,20.17,45.71,21.7
2095,MAY,27.41,24.49,20.66,24.23,33.99,30.36,26.2,30.59,3.51,27.39,29.48,11.03
2095,JUN,30.86,30.37,26.34,26.13,37.41,36.75,32.69,32.65,7.84,16.22,7.34,3.74
2095,JUL,34.51,32.15,31.15,29.6,41.52,38.93,37.93,36.48,2.39,0.9,1.22,1.42
2095,AUG,35.48,32.98,30.98,29.44,42.31,39.75,37.48,35.95,1.94,2.09,2.23,6.65
2095,SEP,32.55,30.62,28.52,25.94,38.82,36.5,34.84,32.08,11.28,11.3,7.97,6.16
2095,OCT,25.23,26.98,23.24,22.42,30.41,32.94,27.98,27.85,20.34,4.28,54.65,13.29
2095,NOV,22.8,20.63,19.66,14.74,27.87,26.2,24.98,19.44,27.09,24.38,21.45,49.56
2095,DEC,19.26,15,16.66,13.57,23.59,20.16,21.39,19.26,105.35,17.98,66.49,4.13
2096,JAN,15.15,17.21,15.24,11.83,20.15,23.32,19.72,17.88,45.37,6.73,102.76,26.66
2096,FEB,13.4,16.82,14.89,13.2,18.15,22.73,18.94,17.92,39.69,26.03,109.4,77.98
2096,MAR,19.21,17.74,17.55,16.93,24.41,23.55,22.97,22.52,60.35,22.79,40.75,22.33
2096,APR,24.34,23.99,22.52,17.07,30.37,30.73,28.65,22.54,13.33,8.81,11.27,40.48
2096,MAY,26.23,25.45,24.04,21.03,32.23,31.68,29.98,26.91,19.26,7.6,16.42,15.35
2096,JUN,27.74,28.64,27.82,25.63,33.65,35.24,34.13,31.05,10.51,3.09,3.84,24.98
2096,JUL,33.17,32.8,31.95,31,39.96,39.71,38.87,37.92,1.15,1.17,0.71,2.31
2096,AUG,34.81,33.35,31.79,30.14,41.55,40.01,38.36,36.7,1.05,2.33,1.76,1.57
2096,SEP,31.42,28.57,28.03,26.95,37.75,34.65,33.77,33.17,2.58,3.47,17.19,4.92
2096,OCT,27.22,26.52,25.53,22.74,32.29,31.87,31.08,28.08,32,11.94,23.97,39.57
2096,NOV,22.03,19.38,19.83,16.92,27.31,24.53,24.61,21.43,27.49,35.59,79.54,72.75
2096,DEC,18,16.41,14.49,12.1,23.71,22.56,18.96,16.17,6.41,1.87,71.21,73.41
2097,JAN,14.91,15.05,11.54,12.13,20.37,20.64,16.29,17.94,17.13,38.81,43.27,10.93
2097,FEB,18.1,15.29,12.1,11.94,24.12,19.97,17.1,16.82,0.86,91.79,35.94,39.87
2097,MAR,22.39,16.79,15.07,13,28.71,22.37,20.51,18.19,11.32,34.59,19.62,41.32
2097,APR,25.81,21.67,20.99,19.18,32.02,27.68,27.51,25.36,17.87,18.13,7.5,11.9
2097,MAY,27.19,23.57,23.11,22.77,33.47,29.23,29.06,28.9,9.75,22.02,17.61,19.77
2097,JUN,30.25,27.75,24.42,28.2,36.78,34.21,30.35,34.67,3.73,7.31,9.71,6.9
2097,JUL,35.38,31.38,31.27,29.72,42.5,38.58,38.36,36.44,1.1,0.57,0.94,1.43
2097,AUG,34.48,31.82,30.09,29.41,41.37,38.42,36.66,35.72,2.39,1.76,2.13,3.01
2097,SEP,31.25,28.83,28.64,26.38,37.16,35.15,35,32.58,15.59,2.19,4.09,7.26
2097,OCT,27.39,25.46,24.07,22.57,32.36,31.27,29.92,27.76,36.49,6.19,8.13,53.23
2097,NOV,22.48,19.71,18.19,18.99,27.62,25.03,23.54,24.41,31.8,24.84,4.64,19.2
2097,DEC,19.01,16.45,14.66,13.08,24.44,22.18,20.33,18.17,18.37,19.1,16.71,14.94
2098,JAN,15.37,17,12.24,11.03,20.65,22.68,17.79,16.45,51,26.26,6.06,20.13
2098,FEB,20.01,18.35,15.24,14.12,25.3,24.57,20.62,19.27,39.35,3.84,39.55,47.83
2098,MAR,21.09,21.26,20.67,12.17,26.95,28.02,26.87,16.72,15.71,3.63,8.04,100.51
2098,APR,24.92,21.2,24.32,17.84,30.98,27.37,30.81,23.69,16.58,11.89,15.21,33.15
2098,MAY,27.33,23.91,24.69,22.99,33.29,29.88,30.58,28.97,26.05,14.86,30.44,9.27
2098,JUN,30.73,29.34,27.51,26.6,36.63,35.38,33.28,33.11,18.95,23.15,17.2,6.57
2098,JUL,34.64,32.94,30.53,29.24,41.35,39.74,36.85,35.75,1.15,1.24,2.49,2.08
2098,AUG,35.74,33.67,31.55,29.8,42.52,40.49,38.07,36.57,1.37,1.8,2.29,2.28
2098,SEP,32.32,30.61,27.65,26.68,38.3,36.81,32.81,32.71,18.31,6.44,46.08,18.8
2098,OCT,28.15,24.7,24.89,24.01,33.56,30.34,30.24,30.13,13.71,17.63,5.95,3.24
2098,NOV,21.98,21.41,18.24,18.01,26.94,27.34,23.11,23.4,63.29,5.39,34.78,32.32
2098,DEC,18.49,16.71,15.39,15.64,23.36,22.29,20.51,21.15,10.18,8.57,25.58,14.29
2099,JAN,13.81,16.47,13.37,11.89,18.43,22.59,18.17,17.37,61.59,2.27,58.64,9.92
2099,FEB,18.21,20.03,15.27,14.9,23.16,26.29,19.9,20.61,42.05,9.6,87.97,9.36
2099,MAR,23.16,20.16,19.02,17.92,29.45,25.34,24.29,24.01,8.31,51.95,59.65,30.33
2099,APR,24.15,22.18,19.8,16.41,29.77,28.08,24.93,22.14,32.88,20.21,67.25,26.66
2099,MAY,24.58,23.3,22.8,21.88,30.68,29.15,28.76,28.06,9.04,19.97,9.12,10.75
2099,JUN,28.29,27.43,24.06,26.26,34.04,33.62,29.73,32.59,10.4,2.56,15.63,3.07
2099,JUL,35.02,33.05,31.28,30.75,41.89,39.84,37.81,37.74,1.34,0.75,2.99,1.18
2099,AUG,34.48,34.73,31.59,29.07,41.14,41.47,37.99,35.99,0.77,1.9,2.93,1.55
2099,SEP,30.75,30.51,28.03,26.4,36.8,36.72,34.22,32.63,5.78,8.51,5.12,5.84
2099,OCT,27.02,27.28,24.65,22.65,32.72,32.89,30.44,28.49,12.51,8.74,11.74,7.08
2099,NOV,22.01,19.08,18,18.34,27.25,24.31,23.25,24.17,10.42,29.83,21.42,1.67
2099,DEC,16.96,14.29,13.39,11.83,22.43,19.55,18.45,16.59,13.95,18.48,31.86,45.07